fruit_id,species_cultivar,batch,position,repeat,condition,fruit_temp_C,ambient_temp_C,device_model,model_version,nir_brix,reference_brix_1,reference_brix_2,reference_brix_3,notes
F01,,,A,1,standard,,,,,,,,,
F01,,,A,2,standard,,,,,,,,,
F01,,,A,3,standard,,,,,,,,,
F01,,,B,1,standard,,,,,,,,,
F01,,,B,2,standard,,,,,,,,,
F01,,,B,3,standard,,,,,,,,,
F02,,,A,1,standard,,,,,,,,,
F02,,,A,2,standard,,,,,,,,,
F02,,,A,3,standard,,,,,,,,,
F02,,,B,1,standard,,,,,,,,,
F02,,,B,2,standard,,,,,,,,,
F02,,,B,3,standard,,,,,,,,,
F03,,,A,1,standard,,,,,,,,,
F03,,,A,2,standard,,,,,,,,,
F03,,,A,3,standard,,,,,,,,,
F03,,,B,1,standard,,,,,,,,,
F03,,,B,2,standard,,,,,,,,,
F03,,,B,3,standard,,,,,,,,,
F04,,,A,1,standard,,,,,,,,,
F04,,,A,2,standard,,,,,,,,,
F04,,,A,3,standard,,,,,,,,,
F04,,,B,1,standard,,,,,,,,,
F04,,,B,2,standard,,,,,,,,,
F04,,,B,3,standard,,,,,,,,,
F05,,,A,1,standard,,,,,,,,,
F05,,,A,2,standard,,,,,,,,,
F05,,,A,3,standard,,,,,,,,,
F05,,,B,1,standard,,,,,,,,,
F05,,,B,2,standard,,,,,,,,,
F05,,,B,3,standard,,,,,,,,,
F06,,,A,1,standard,,,,,,,,,
F06,,,A,2,standard,,,,,,,,,
F06,,,A,3,standard,,,,,,,,,
F06,,,B,1,standard,,,,,,,,,
F06,,,B,2,standard,,,,,,,,,
F06,,,B,3,standard,,,,,,,,,
