Volume (mL),pH
0.006,2.942
0.984,3.544
2.011,3.833
3.014,4.036
3.971,4.181
4.98,4.293
6.002,4.441
6.995,4.523
8.0,4.63
8.987,4.731
10.013,4.826
11.012,4.924
12.001,5.005
13.017,5.105
14.007,5.226
15.987,5.486
16.106,5.513
16.186,5.531
16.313,5.563
16.399,5.609
16.497,5.604
16.59,5.635
16.718,5.699
16.798,5.685
16.894,5.731
16.995,5.724
17.108,5.771
17.205,5.785
17.306,5.829
17.406,5.886
17.532,5.881
17.594,5.948
17.692,5.985
17.788,6.012
17.909,6.057
18.017,6.149
18.098,6.19
18.187,6.271
18.288,6.355
18.41,6.522
18.511,6.642
18.608,6.854
18.69,7.254
18.803,10.092
18.902,10.566
19.003,10.777
19.113,10.923
19.203,11.04
19.31,11.078
19.401,11.153
19.504,11.211
19.609,11.277
19.678,11.29
19.795,11.381
19.893,11.401
19.99,11.411
20.096,11.455
20.222,11.519
20.287,11.547
20.415,11.604
20.475,11.637
20.595,11.615
20.702,11.611
20.809,11.61
20.911,11.678
21.012,11.675
21.095,11.698
21.193,11.711
21.313,11.74
21.397,11.778
21.481,11.772
22.483,11.892
23.486,11.969
24.507,12.032
25.502,12.116
26.51,12.177
27.494,12.257
28.502,12.263
29.509,12.315
