group,student,item,rep,value,unit,temp_C,weight_g,note
1,G1,milk_powder_blind,1,14.67,mL,,0.5005,5 組各消化 1 管盲樣（設備僅容納 8 管）
2,G2,milk_powder_blind,1,15.03,mL,,0.5011,5 組各消化 1 管盲樣（設備僅容納 8 管）
3,G3,milk_powder_blind,1,14.63,mL,,0.4971,5 組各消化 1 管盲樣（設備僅容納 8 管）
4,G4,milk_powder_blind,1,14.8,mL,,0.5002,5 組各消化 1 管盲樣（設備僅容納 8 管）
5,G5,milk_powder_blind,1,14.71,mL,,0.5,5 組各消化 1 管盲樣（設備僅容納 8 管）
0,shared,reagent_blank,1,0.31,mL,,,試劑空白，全班共用 1 管，不加樣品
0,shared,ammonium_sulfate_std,1,7.84,mL,,0.05,蒸餾回收標準品，理論 N%=21.20% (硫酸銨)
1,G1,high_gluten_flour,1,16.58,mL,,1.0,高筋麵粉，由 G1 代表操作，結果全班共用
0,TA,low_gluten_flour,1,10.32,mL,,1.0,TA 提供（前次操作數據），本次消化爐排程已滿 8 管，未現場加測
