sample_id,group,instrument,rep,oil,900,915.942,931.884,947.826,963.768,979.71,995.652,1011.59,1027.54,1043.48,1059.42,1075.36,1091.3,1107.25,1123.19,1139.13,1155.07,1171.01,1186.96,1202.9,1218.84,1234.78,1250.72,1266.67,1282.61,1298.55,1314.49,1330.43,1346.38,1362.32,1378.26,1394.2,1410.14,1426.09,1442.03,1457.97,1473.91,1489.86,1505.8,1521.74,1537.68,1553.62,1569.57,1585.51,1601.45,1617.39,1633.33,1649.28,1665.22,1681.16,1697.1,1713.04,1728.99,1744.93,1760.87,1776.81,1792.75,1808.7,1824.64,1840.58,1856.52,1872.46,1888.41,1904.35,1920.29,1936.23,1952.17,1968.12,1984.06,2000
OIL-000,0,sim_PLSDA_oils_demo,1,EVOO,0.53811558,0.51862953,0.45375915,0.54334626,0.52792532,0.49477728,0.551089,0.5616631,0.58692276,0.61189127,0.6709332,0.65286662,0.69568392,0.68386536,0.70890342,0.65443071,0.60354751,0.5491895,0.54396101,0.53947677,0.52436512,0.59387662,0.59846052,0.47374473,0.53631285,0.63674114,0.65619018,0.70338003,0.71351821,0.78574386,0.63976282,0.64272806,0.70842485,0.62190218,0.59662353,0.53136591,0.4774155,0.55202701,0.56254605,0.53208831,0.58461141,0.6430969,0.63924922,0.69451971,0.7089705,0.69690235,0.65157289,0.66361532,0.64250703,0.5925724,0.53050317,0.58727709,0.53966537,0.59604046,0.51273371,0.58018811,0.52852304,0.46763697,0.49782157,0.50911809,0.51658626,0.46600695,0.46090916,0.51317018,0.48651415,0.51460402,0.53556455,0.43923227,0.51535929,0.55416964
OIL-001,0,sim_PLSDA_oils_demo,1,EVOO,0.46317161,0.52585514,0.50637664,0.53332068,0.48661505,0.44733601,0.51379718,0.51960042,0.59652374,0.60885302,0.57418405,0.6248716,0.72790522,0.72069407,0.64969318,0.64315321,0.62342205,0.58955534,0.57965172,0.53976384,0.52194944,0.52211348,0.59077459,0.48251039,0.59668051,0.63540536,0.60641718,0.69850019,0.66912743,0.72588144,0.6695733,0.67495173,0.66582106,0.60170458,0.52542548,0.48170676,0.60382721,0.53123007,0.52099622,0.57730601,0.59463736,0.67041767,0.66874975,0.68935383,0.66692132,0.70461495,0.62082322,0.65685431,0.65817119,0.50910437,0.45493654,0.57303949,0.65199222,0.51119038,0.49593071,0.55752152,0.48605005,0.48769924,0.48680619,0.51858742,0.47981585,0.50676312,0.48849609,0.46175329,0.48274442,0.45752115,0.4957977,0.45058245,0.45182132,0.55381557
OIL-002,0,sim_PLSDA_oils_demo,1,EVOO,0.49711325,0.51989198,0.48306964,0.49200908,0.52109476,0.52157052,0.47549088,0.57443238,0.54555853,0.56252969,0.60706415,0.66072145,0.76131081,0.65014717,0.68537109,0.56134733,0.60920157,0.61046697,0.53880064,0.50799536,0.53866815,0.56413862,0.57875632,0.65510865,0.61425856,0.6140541,0.66205711,0.68595285,0.7031933,0.69384767,0.68522076,0.58501674,0.65391762,0.56706297,0.51719312,0.57145469,0.59005002,0.55906802,0.55865033,0.53791206,0.72082165,0.67520746,0.62548597,0.66128347,0.70264882,0.62730813,0.67258824,0.61552101,0.64992965,0.61224313,0.44879944,0.55369758,0.48904275,0.59927803,0.55634791,0.55956412,0.48073906,0.58474261,0.58519896,0.45838163,0.51460569,0.47238085,0.49827976,0.44857979,0.57388843,0.46043509,0.48735889,0.51926155,0.47329981,0.48962974
OIL-003,0,sim_PLSDA_oils_demo,1,EVOO,0.48627406,0.44495198,0.47472756,0.48521795,0.48308294,0.50488465,0.50248183,0.5635703,0.54859126,0.59165003,0.60883507,0.64762583,0.63798225,0.71026317,0.62561049,0.60936921,0.6159772,0.58293041,0.52460575,0.44474209,0.53857141,0.53885825,0.48805794,0.59936575,0.57019103,0.58504614,0.66326867,0.67405714,0.69929194,0.62316203,0.74309449,0.62008756,0.55148925,0.60714939,0.54227047,0.55128215,0.51611581,0.52930045,0.55437804,0.53767792,0.6254517,0.61354428,0.62861344,0.68789345,0.70931447,0.67267736,0.6236854,0.65101846,0.52280884,0.52486555,0.55117493,0.48993027,0.54720438,0.54504115,0.57791643,0.49337945,0.49065095,0.51727583,0.39843665,0.61731733,0.46409022,0.46246271,0.52601082,0.48995517,0.42036863,0.51662253,0.52576052,0.47354755,0.48028139,0.51098479
OIL-004,0,sim_PLSDA_oils_demo,1,EVOO,0.50397093,0.49456852,0.46007267,0.43263248,0.48223064,0.46242305,0.54908522,0.53402816,0.58762537,0.59732379,0.64076526,0.63218936,0.71010675,0.7557226,0.65374661,0.61031538,0.59011684,0.54239916,0.50737406,0.52586336,0.50493707,0.58085355,0.53938414,0.57633224,0.63113879,0.61288633,0.7117318,0.65071108,0.65367676,0.66756417,0.66083949,0.58296407,0.60649473,0.51051913,0.60697106,0.52987082,0.49884473,0.49017943,0.5239928,0.55344375,0.55134458,0.59037137,0.65073682,0.65880369,0.72390423,0.72217824,0.65364994,0.63999391,0.53463735,0.58641971,0.54319357,0.55858227,0.60492175,0.45082426,0.54722766,0.4808292,0.53419798,0.44623892,0.4717461,0.49624789,0.51139952,0.48947077,0.45467538,0.46423004,0.52174878,0.48614835,0.41901572,0.5201148,0.50301824,0.52130492
OIL-005,0,sim_PLSDA_oils_demo,1,EVOO,0.52814394,0.45273628,0.51845226,0.47728364,0.52681123,0.546248,0.48817149,0.53479785,0.56648247,0.64810779,0.66725383,0.62332051,0.71027148,0.72272053,0.75966864,0.57544269,0.58355851,0.62356751,0.48981271,0.48093949,0.54583935,0.57261724,0.52121115,0.59356314,0.60631842,0.69424881,0.66278389,0.72421103,0.65846745,0.68340198,0.6701423,0.69316341,0.63966533,0.55573076,0.58714653,0.57251824,0.5286395,0.52478875,0.54020018,0.50314952,0.60925703,0.64512858,0.63218497,0.71791518,0.63999932,0.66317321,0.64258262,0.70913261,0.53265982,0.59201051,0.59068414,0.56288685,0.59676212,0.51053135,0.45416168,0.56404897,0.47125927,0.49429775,0.45299054,0.5388145,0.53004744,0.46625875,0.53111058,0.49980472,0.48937541,0.49724729,0.48684062,0.5195508,0.50736449,0.4809719
OIL-006,0,sim_PLSDA_oils_demo,1,EVOO,0.4907019,0.52679947,0.53268173,0.57619438,0.49976276,0.59588878,0.54480095,0.5492312,0.55816862,0.64411619,0.66093217,0.64809049,0.66699491,0.69083944,0.66781941,0.706364,0.68017738,0.62511829,0.57847353,0.53193163,0.54747864,0.58741243,0.65334051,0.62861727,0.61056697,0.6551631,0.66368608,0.67344845,0.70736573,0.71876497,0.76758979,0.66982364,0.69091838,0.6766437,0.58316338,0.6261482,0.581846,0.53853708,0.57870276,0.59200758,0.61255699,0.64793747,0.69271773,0.72572783,0.67966598,0.70501346,0.62084043,0.66020729,0.64171441,0.59620674,0.58457658,0.5915188,0.54302901,0.56122215,0.58595216,0.59359493,0.5550325,0.62961137,0.5166332,0.55685049,0.56625379,0.50985375,0.48229364,0.46779276,0.52158529,0.55950555,0.52596058,0.52200808,0.49992528,0.53753503
OIL-007,0,sim_PLSDA_oils_demo,1,EVOO,0.47732456,0.46931587,0.41385061,0.55693471,0.41735258,0.43593336,0.44258852,0.55427369,0.50241283,0.6002794,0.63534386,0.65549037,0.61267594,0.64144465,0.71465295,0.56399042,0.54475835,0.53675475,0.54938707,0.51199542,0.52784977,0.46220107,0.55876138,0.56773115,0.51086957,0.66810745,0.72755249,0.62686999,0.66983022,0.71970599,0.58777281,0.54101662,0.53761499,0.53613016,0.50974207,0.53899883,0.51685873,0.4582641,0.54365945,0.61892442,0.62260142,0.64840171,0.64062517,0.70057454,0.62928464,0.68829825,0.63111339,0.64788039,0.58827955,0.49892205,0.53113087,0.56951863,0.47733239,0.50128721,0.48763705,0.44656236,0.53055508,0.53280559,0.50515805,0.47943559,0.46637212,0.47764846,0.43872062,0.5037194,0.5097826,0.50526431,0.44672461,0.47109871,0.4613313,0.53950553
OIL-008,0,sim_PLSDA_oils_demo,1,EVOO,0.4274797,0.51886396,0.57868777,0.53205073,0.54276121,0.51520954,0.44650038,0.47218158,0.52283122,0.60319277,0.6589763,0.70741303,0.68609368,0.73893899,0.67127131,0.62217393,0.64682312,0.54139972,0.44259698,0.49426449,0.5366673,0.41641864,0.5414177,0.56641929,0.55232683,0.58194357,0.652091,0.67046199,0.75273376,0.71353652,0.61852111,0.62115789,0.65243132,0.66938482,0.58307265,0.56186635,0.61528028,0.54193324,0.54333312,0.52216412,0.58893152,0.73063883,0.61768131,0.69640986,0.64632976,0.69812961,0.70484212,0.6276311,0.63358593,0.60608391,0.57862505,0.6241726,0.58838816,0.54618733,0.52588394,0.50730885,0.54587195,0.50214973,0.61705591,0.57816359,0.49460533,0.4896409,0.57032282,0.42736409,0.48463377,0.54072576,0.46621154,0.48362224,0.4886498,0.52912778
OIL-009,0,sim_PLSDA_oils_demo,1,EVOO,0.51821349,0.52610254,0.50396211,0.54843381,0.47779113,0.45568969,0.45364854,0.47911896,0.55001597,0.64883539,0.65291049,0.65526206,0.65628524,0.67887385,0.66568206,0.62711699,0.55482314,0.55831266,0.59181329,0.44904587,0.52264403,0.45413928,0.56239259,0.54917079,0.52532502,0.64463925,0.74265316,0.69606912,0.74817614,0.69504928,0.59481916,0.67433074,0.60686195,0.53442981,0.5983736,0.56027961,0.51920126,0.57693034,0.52018174,0.60379883,0.5712012,0.66421597,0.62988851,0.75489718,0.71220262,0.74967304,0.63580586,0.61770044,0.63732609,0.46686893,0.51743989,0.59621722,0.57520649,0.59690395,0.54009391,0.56304854,0.49697094,0.45958765,0.43946489,0.48176476,0.48059609,0.47699852,0.36013102,0.4221218,0.48075797,0.51354361,0.4789112,0.46698702,0.40972397,0.58292286
OIL-010,0,sim_PLSDA_oils_demo,1,EVOO,0.55088629,0.54613905,0.49514217,0.46252722,0.49365853,0.4484333,0.51657305,0.52549786,0.57473575,0.62707142,0.69667779,0.64509172,0.72223543,0.64978292,0.62746655,0.60641914,0.55426672,0.59797598,0.56947791,0.56834312,0.51267679,0.5313889,0.51335403,0.51445234,0.60805368,0.63276652,0.60709684,0.69654718,0.61345581,0.67216994,0.63733066,0.61496078,0.56167524,0.6124334,0.57103849,0.57756255,0.52685797,0.47170584,0.52132499,0.51182125,0.60811186,0.67222645,0.66798247,0.65224924,0.66811766,0.68139646,0.59170983,0.62354905,0.59249984,0.53562833,0.52417054,0.54246436,0.50449099,0.50555509,0.5643036,0.53004382,0.57397169,0.45556737,0.41663848,0.52200473,0.52133995,0.45310671,0.42378937,0.48059874,0.41236749,0.46872478,0.39504685,0.4727655,0.39742932,0.47272975
OIL-011,0,sim_PLSDA_oils_demo,1,EVOO,0.51030695,0.5519055,0.49588628,0.48707661,0.46575111,0.57343166,0.54104899,0.62745684,0.54344862,0.61723459,0.66759606,0.75413556,0.79036161,0.69245031,0.65482213,0.59857191,0.68387861,0.59210997,0.54343353,0.55217739,0.4481168,0.48813266,0.61062754,0.61303643,0.63288047,0.61866846,0.71157551,0.78095443,0.67081851,0.71658769,0.68180021,0.68722064,0.64222088,0.60509317,0.54975228,0.56622666,0.53369077,0.55439646,0.57056884,0.62227812,0.60357169,0.64796574,0.73484187,0.70464133,0.70959651,0.74497361,0.69764951,0.65843901,0.63059208,0.54510157,0.59664443,0.62604683,0.59800354,0.51371086,0.58209952,0.52258434,0.5354759,0.53802722,0.47798024,0.57572213,0.51829205,0.55239463,0.54602718,0.57440497,0.56833877,0.4617413,0.52246011,0.43537145,0.50291659,0.54940458
OIL-012,0,sim_PLSDA_oils_demo,1,EVOO,0.56339458,0.49693163,0.52531469,0.51766966,0.5674085,0.5864581,0.52017363,0.70513629,0.58170651,0.60278953,0.67976897,0.71940317,0.73081558,0.68395376,0.7506923,0.66186547,0.68365527,0.643119,0.51028518,0.50696925,0.5024106,0.55918786,0.5674668,0.60008492,0.58655564,0.66800861,0.73647267,0.64868121,0.70426421,0.71826123,0.68635231,0.65725785,0.70479523,0.65470745,0.61142748,0.52882887,0.64035346,0.56715522,0.54245713,0.57507799,0.59975802,0.73823079,0.69267745,0.70841398,0.62647738,0.73242199,0.6369554,0.60213782,0.63883335,0.55267282,0.60413646,0.61035741,0.49561786,0.56290032,0.50012317,0.54860275,0.57328418,0.47050452,0.58993463,0.50195904,0.46576258,0.50771246,0.54426576,0.45746015,0.51260418,0.45758199,0.5606763,0.51868937,0.49546706,0.55387391
OIL-013,0,sim_PLSDA_oils_demo,1,EVOO,0.46400045,0.55372986,0.47537986,0.53585153,0.49231685,0.46268748,0.49241249,0.52457464,0.53317398,0.55218337,0.59218608,0.59736314,0.68098152,0.69325044,0.68925864,0.55495545,0.62181755,0.55411866,0.47144113,0.51740156,0.5423101,0.53734797,0.5615417,0.59434167,0.62204874,0.61665109,0.56412564,0.63880212,0.69342625,0.65661247,0.68603601,0.66412206,0.60302528,0.64561862,0.50549674,0.56358557,0.49885213,0.48852684,0.55615516,0.53097491,0.62072911,0.57374396,0.65287971,0.63915038,0.67018912,0.65503951,0.60112285,0.64053365,0.53150768,0.51499196,0.57335949,0.57141768,0.56091785,0.54897273,0.62123317,0.46973028,0.47410312,0.45235289,0.52085297,0.49301147,0.52465111,0.51874203,0.47075615,0.446988,0.4400632,0.56822782,0.51847377,0.50350211,0.46622761,0.4718649
OIL-014,0,sim_PLSDA_oils_demo,1,EVOO,0.48112932,0.39810193,0.49226732,0.48067653,0.51049845,0.51347885,0.55082285,0.53540409,0.59588458,0.49716651,0.59386745,0.74021235,0.64228942,0.6808478,0.70208357,0.6064029,0.63301061,0.51220543,0.46657831,0.47484285,0.45810439,0.53026955,0.53434383,0.58419218,0.55930746,0.73431218,0.65812282,0.68186747,0.7119216,0.68015618,0.64785267,0.65013406,0.65233494,0.61153428,0.59665406,0.51824479,0.50123629,0.61440496,0.53753975,0.58924,0.63040721,0.69174859,0.61194001,0.66819759,0.6767693,0.67238552,0.564285,0.62499141,0.48008328,0.58065206,0.57373614,0.57093775,0.50054956,0.5881058,0.51007877,0.4835662,0.47916227,0.47273525,0.50634778,0.52902429,0.41070222,0.47275325,0.5303928,0.50246445,0.51468492,0.43442682,0.53256312,0.43185585,0.50221648,0.54906391
OIL-015,0,sim_PLSDA_oils_demo,1,ROO,0.54871881,0.56365731,0.50463867,0.51088075,0.57985377,0.53932616,0.54575821,0.51366438,0.60418759,0.6595954,0.6403044,0.68504809,0.78842508,0.73328728,0.69641232,0.63036901,0.61346911,0.59347248,0.63202031,0.53773779,0.63016916,0.52797305,0.56689457,0.63893947,0.62527208,0.63352804,0.69081056,0.73578931,0.65920246,0.71409535,0.70287668,0.66468885,0.67913472,0.59629847,0.57852689,0.57643836,0.59549896,0.55948841,0.64185587,0.56788016,0.68640755,0.63467227,0.69352303,0.73601805,0.81034514,0.75428026,0.67840324,0.71404131,0.61865923,0.56386083,0.58822958,0.55616333,0.57912299,0.51241335,0.54622579,0.55471218,0.53974257,0.52718038,0.50033324,0.56435433,0.53368301,0.54804335,0.51415934,0.52871077,0.48670114,0.53161127,0.55879867,0.53190999,0.56256597,0.54070668
OIL-016,0,sim_PLSDA_oils_demo,1,ROO,0.51292296,0.45514093,0.53845906,0.51579853,0.48637269,0.55758011,0.55369153,0.58016784,0.5771365,0.63391035,0.67451233,0.76858508,0.69011602,0.71800445,0.71477805,0.59912444,0.56640113,0.68237266,0.49883803,0.57742234,0.51673431,0.52686175,0.49416463,0.56143577,0.65852262,0.6034564,0.71216896,0.72264031,0.80083151,0.69732306,0.7500543,0.70866111,0.63052133,0.54478991,0.64575269,0.5126247,0.53967595,0.59592957,0.61809779,0.56263861,0.6259345,0.65090958,0.73957563,0.81390913,0.64722366,0.74737172,0.57257833,0.65490679,0.57512364,0.66745901,0.56920453,0.51518122,0.51327141,0.50365864,0.53076571,0.51527187,0.54712376,0.58221776,0.54856205,0.47143173,0.45550936,0.49024201,0.56258667,0.50705597,0.49375495,0.52598915,0.46383681,0.47488474,0.54087087,0.50833171
OIL-017,0,sim_PLSDA_oils_demo,1,ROO,0.50597395,0.4700349,0.4664515,0.47675731,0.52219286,0.5066659,0.46807806,0.52297562,0.58910411,0.67360215,0.59138822,0.68388389,0.67986808,0.72418861,0.69094947,0.6997466,0.6240415,0.546679,0.52072267,0.54339078,0.53920466,0.62604926,0.61326255,0.52326579,0.61390007,0.57851016,0.59486842,0.71259385,0.71491293,0.6475053,0.73800881,0.60674716,0.56802254,0.61015649,0.56695623,0.53352354,0.52867357,0.54229815,0.54061998,0.56229989,0.52411991,0.58031787,0.68949487,0.65829537,0.71497047,0.73287697,0.64545092,0.63840653,0.67527769,0.58832729,0.60896835,0.57873198,0.53612195,0.49493833,0.46229711,0.44987349,0.5130851,0.51207826,0.48626428,0.52715412,0.46902375,0.53761116,0.49480195,0.49174844,0.49319053,0.48925781,0.59273203,0.42874066,0.50029036,0.5429657
OIL-018,0,sim_PLSDA_oils_demo,1,ROO,0.49874651,0.58059582,0.46872466,0.46045911,0.5383721,0.46365555,0.43830522,0.58797461,0.6111904,0.64562478,0.63514477,0.69522156,0.66916619,0.77810312,0.72216948,0.688111,0.54282532,0.61833685,0.61958651,0.5933805,0.57253338,0.54765472,0.55009716,0.61183583,0.63276309,0.65876594,0.66628774,0.76766351,0.66369054,0.70570395,0.66661535,0.70469292,0.68951218,0.65137655,0.60589621,0.50140102,0.63216675,0.5715752,0.55942589,0.58762135,0.60393865,0.66851279,0.69502484,0.68962464,0.60792833,0.6996148,0.69628363,0.6656957,0.60364127,0.5962237,0.59398739,0.51614692,0.58219994,0.43876899,0.46309615,0.47569685,0.41341452,0.47092166,0.56074529,0.56043786,0.51466081,0.57960371,0.52034252,0.49085026,0.52042794,0.50527683,0.54020003,0.45064067,0.55073929,0.49238163
OIL-019,0,sim_PLSDA_oils_demo,1,ROO,0.45125533,0.49628779,0.51665405,0.55083621,0.46901518,0.59059926,0.5547969,0.53369527,0.63149562,0.6225089,0.70304264,0.78289678,0.74058754,0.68972904,0.67556736,0.68379008,0.63440807,0.55479072,0.5351704,0.57342845,0.63690325,0.44454546,0.59479427,0.58139542,0.65069406,0.68608696,0.68283741,0.66184146,0.65658934,0.63370925,0.74078356,0.65709025,0.61274907,0.59257137,0.52416836,0.57175683,0.60373265,0.59851293,0.5031996,0.64336895,0.58901709,0.57710663,0.63550639,0.66743523,0.71251322,0.66180778,0.61886752,0.63613637,0.68880317,0.55206422,0.57349192,0.54022196,0.63193863,0.44311214,0.55942051,0.4627144,0.48956372,0.50911205,0.64032101,0.48232364,0.43727826,0.56472533,0.47926061,0.50311188,0.51186818,0.5167094,0.5060243,0.5235401,0.52832423,0.54698676
OIL-020,0,sim_PLSDA_oils_demo,1,ROO,0.46370939,0.45127778,0.51800154,0.49368784,0.52060626,0.526191,0.58368709,0.54378815,0.59366005,0.55105852,0.59426036,0.65826302,0.64193935,0.7191416,0.6200352,0.64398489,0.50532969,0.52468239,0.52909503,0.51719724,0.45213115,0.53486858,0.58559385,0.59652858,0.5739378,0.60864789,0.61403353,0.70843357,0.75089943,0.66839983,0.60473867,0.65424017,0.6434325,0.47555685,0.56404297,0.62690939,0.56457215,0.55575451,0.56267807,0.61206609,0.56270153,0.60057286,0.68174971,0.65944428,0.70390089,0.60734596,0.69035718,0.66135665,0.59435579,0.56749683,0.60050948,0.47446196,0.46985131,0.45605188,0.47937769,0.45428546,0.49550393,0.4677115,0.43567325,0.4315984,0.54206157,0.49083729,0.4844982,0.49465433,0.49029703,0.52383602,0.51608186,0.47000319,0.46065042,0.45012267
OIL-021,0,sim_PLSDA_oils_demo,1,ROO,0.53738595,0.44479975,0.40117288,0.44944191,0.45458514,0.50549874,0.46845424,0.5445196,0.5667478,0.63747682,0.71179367,0.77233022,0.73228297,0.63281139,0.64483087,0.63879694,0.67402014,0.58357992,0.57843286,0.50824228,0.53504988,0.54689103,0.51598847,0.58933361,0.63075508,0.61344666,0.68985293,0.73680177,0.6835266,0.67709247,0.64790823,0.60910915,0.6090093,0.55561026,0.53367103,0.49703578,0.45794585,0.48388793,0.54739465,0.50990613,0.56207079,0.68771431,0.6981491,0.64676234,0.70532949,0.64547855,0.71278409,0.59169157,0.58351887,0.60395379,0.4902099,0.55760864,0.46132105,0.49697348,0.47218384,0.47883278,0.48806713,0.47840872,0.44058741,0.51591023,0.51005838,0.53282743,0.53663117,0.42747436,0.53265349,0.53314242,0.4599433,0.52272921,0.53996228,0.45967961
OIL-022,0,sim_PLSDA_oils_demo,1,ROO,0.46500424,0.59125518,0.48947071,0.43269849,0.4740873,0.45062817,0.4860079,0.52502082,0.44682842,0.59930525,0.67978631,0.64856488,0.66102737,0.7210286,0.60841888,0.57714107,0.53375918,0.54830556,0.54414463,0.50966301,0.53151513,0.54947881,0.5521898,0.52397992,0.57528472,0.66779676,0.60534518,0.65883221,0.66226923,0.66796161,0.61535176,0.57799377,0.70308739,0.60800496,0.51573115,0.52370242,0.54454169,0.50571683,0.55698127,0.53070585,0.57173416,0.61672273,0.63287423,0.57447166,0.68012598,0.68004045,0.66481396,0.5734455,0.59210568,0.55527504,0.45065783,0.41543544,0.51116351,0.44736382,0.52218226,0.56607342,0.45644002,0.45189229,0.47889848,0.50632248,0.43389042,0.52913841,0.51896769,0.50576291,0.45772498,0.5159707,0.51360712,0.43127977,0.56292598,0.46729752
OIL-023,0,sim_PLSDA_oils_demo,1,ROO,0.48463866,0.52116195,0.55264277,0.4751913,0.44420733,0.49861002,0.47595646,0.51709132,0.57045216,0.60854211,0.70104787,0.64208688,0.71666268,0.68320146,0.73990588,0.75430379,0.62773739,0.6477875,0.5333945,0.47552885,0.48492732,0.4793045,0.5203556,0.5729365,0.65823155,0.67208042,0.69198238,0.6782389,0.67630287,0.70271493,0.69010435,0.66843474,0.64192993,0.59168353,0.49346877,0.50767063,0.51066796,0.61355176,0.54144861,0.60853779,0.67086405,0.65966721,0.66168156,0.6870749,0.66460337,0.7080563,0.71710808,0.66221653,0.63540765,0.60157344,0.62779065,0.5043795,0.52462482,0.53996946,0.55820384,0.40957205,0.48507461,0.49734751,0.46440869,0.53943717,0.51430115,0.48968074,0.44017318,0.45258694,0.46612441,0.52373027,0.45676735,0.42276068,0.44743709,0.4818593
OIL-024,0,sim_PLSDA_oils_demo,1,ROO,0.62524345,0.50607227,0.56355515,0.58309583,0.58136739,0.53149935,0.49567647,0.5474634,0.52059353,0.64021517,0.70007981,0.62652054,0.72004292,0.73475973,0.75483778,0.72790212,0.6672121,0.57291184,0.55943016,0.60723816,0.53106834,0.56033953,0.64053934,0.60722186,0.57680814,0.65182381,0.71856605,0.70713645,0.77119319,0.77222607,0.6781263,0.65760129,0.64245709,0.56787888,0.60512909,0.56463245,0.59466202,0.54123966,0.54291019,0.67460911,0.59668281,0.6424691,0.66765507,0.70618013,0.68841857,0.71355664,0.66335157,0.64231042,0.63862902,0.62049078,0.58586986,0.51985071,0.55377179,0.52649324,0.52362152,0.45734432,0.55238231,0.51966439,0.59339755,0.55071721,0.48044222,0.47021233,0.57113849,0.49010433,0.55247879,0.5130683,0.60925252,0.52830687,0.58573006,0.57846502
OIL-025,0,sim_PLSDA_oils_demo,1,ROO,0.48010918,0.55289293,0.49406896,0.46060525,0.54651703,0.60754966,0.51480469,0.5917171,0.55746365,0.65390083,0.62850631,0.72477036,0.71321528,0.68517631,0.68388481,0.6207136,0.55984258,0.52794067,0.54180467,0.48675911,0.54302818,0.5535045,0.56724183,0.55261383,0.60450784,0.63313475,0.71647236,0.65306027,0.67997911,0.68225331,0.66912313,0.61846582,0.59219106,0.62733915,0.53523077,0.57931576,0.61547446,0.58719877,0.47656809,0.60286964,0.62182418,0.65850404,0.60269756,0.71955886,0.65228061,0.7379234,0.70518888,0.73171448,0.57933192,0.50206149,0.57974746,0.55484347,0.49312582,0.55629282,0.5259681,0.44521406,0.4819586,0.47788564,0.49123333,0.50326523,0.46772856,0.48765233,0.51913814,0.49258871,0.48471484,0.48333362,0.49150472,0.41887931,0.50192579,0.45435633
OIL-026,0,sim_PLSDA_oils_demo,1,ROO,0.44608913,0.54203647,0.51509748,0.45280983,0.51929462,0.48560072,0.59964492,0.56647184,0.54304201,0.61952931,0.64755127,0.73006523,0.7163221,0.72356953,0.64009914,0.6844605,0.69895555,0.60591691,0.55264555,0.54569545,0.49726399,0.54956355,0.51426643,0.58397771,0.59637625,0.61053277,0.69633993,0.63529593,0.70326936,0.64808578,0.75753012,0.73692078,0.66066235,0.67201904,0.59391575,0.57370334,0.52639299,0.50956753,0.56334973,0.55980504,0.59445777,0.67516924,0.67195172,0.63602033,0.69646786,0.6648694,0.65979536,0.59509473,0.65213434,0.64854695,0.50272203,0.55522622,0.5417863,0.46830781,0.51188659,0.56264401,0.53935268,0.56994199,0.45822779,0.47511682,0.51659124,0.51907406,0.5058378,0.48934636,0.48836513,0.48043932,0.52275069,0.39428643,0.56863259,0.48349718
OIL-027,0,sim_PLSDA_oils_demo,1,ROO,0.50320474,0.42534052,0.49743203,0.46712493,0.50972141,0.5238122,0.55557388,0.50316561,0.53937191,0.58608626,0.56826439,0.6818072,0.683086,0.62523458,0.70905336,0.68314584,0.53821209,0.57898438,0.57989278,0.5483481,0.47172689,0.46177573,0.52910208,0.53785273,0.58703897,0.61507823,0.66961538,0.64782892,0.6737491,0.7951302,0.65440374,0.66262055,0.61355373,0.58003093,0.50887293,0.54823502,0.51648016,0.55321265,0.61539938,0.56371436,0.61752996,0.58015699,0.65681995,0.73560236,0.67783126,0.64503343,0.65495277,0.60674001,0.56962768,0.53265005,0.60177968,0.46957062,0.47648153,0.46360412,0.53258096,0.47018209,0.53279663,0.48699937,0.479299,0.42176661,0.52863814,0.50181541,0.49637484,0.4754741,0.46350237,0.4294456,0.51799831,0.4909259,0.46580342,0.45495398
OIL-028,0,sim_PLSDA_oils_demo,1,ROO,0.49933913,0.56885119,0.5345675,0.48101767,0.46357729,0.50455186,0.48911719,0.54786463,0.58907446,0.63397454,0.66350317,0.67252474,0.72406283,0.66545495,0.67971136,0.68326123,0.62470872,0.52758357,0.50603074,0.47255939,0.60558634,0.47818043,0.550745,0.6537558,0.65308068,0.69455929,0.65127445,0.72256727,0.82482741,0.69776793,0.69899066,0.64344317,0.62442042,0.60922983,0.62383076,0.51418192,0.48447772,0.54464702,0.56470142,0.63594609,0.6389659,0.61932909,0.69804025,0.74143015,0.71493027,0.68018516,0.69703398,0.62320528,0.5278345,0.62405809,0.49397626,0.51425616,0.5035713,0.49620389,0.49476176,0.44687963,0.52478409,0.50454096,0.50488794,0.54613284,0.54720987,0.55676042,0.5772121,0.52130951,0.44164986,0.51168769,0.50369103,0.50593313,0.47915906,0.46761954
OIL-029,0,sim_PLSDA_oils_demo,1,ROO,0.55234613,0.46899768,0.5357667,0.50866953,0.50285519,0.55192037,0.534081,0.53318552,0.58564503,0.53912148,0.63357462,0.67290484,0.65440649,0.71831742,0.70374193,0.63672827,0.61635723,0.61526664,0.6044769,0.51654805,0.55671342,0.59132585,0.56466853,0.55896845,0.58880225,0.63839812,0.63927207,0.78281813,0.6894627,0.72356022,0.69894352,0.6906533,0.61861041,0.55135598,0.64287083,0.55600653,0.55519956,0.56052396,0.61583379,0.61912624,0.66608419,0.68607308,0.6903742,0.71584159,0.68265558,0.62513559,0.66930166,0.60339791,0.71492765,0.64211017,0.60134426,0.51459187,0.60756366,0.45047219,0.4668647,0.48233193,0.47453727,0.51787724,0.52022889,0.58884076,0.55232624,0.56126366,0.52916624,0.50653859,0.48497202,0.45206265,0.47763922,0.4971938,0.54294099,0.44497025
OIL-030,0,sim_PLSDA_oils_demo,1,SOY,0.48846583,0.43795354,0.49398975,0.46584989,0.4563591,0.44176683,0.50755491,0.50909469,0.55303109,0.60189203,0.68846974,0.73349592,0.68683564,0.75026264,0.74715076,0.72782907,0.6649472,0.59330596,0.50252224,0.49628596,0.55839892,0.50314509,0.59479078,0.63829846,0.58640774,0.69112146,0.71009803,0.82614823,0.79254935,0.7332961,0.74650549,0.65652986,0.64361231,0.61491931,0.57638828,0.55727941,0.49666833,0.46160064,0.53921512,0.55023311,0.60098135,0.76213557,0.76664244,0.74312359,0.70213769,0.69396122,0.72700364,0.70974406,0.60661279,0.57919351,0.54865384,0.55607263,0.42233774,0.49501708,0.50158932,0.52474526,0.50910111,0.46063083,0.49482836,0.46680296,0.53640217,0.52791799,0.52738745,0.45571031,0.44057547,0.5429568,0.48752198,0.54953767,0.49713968,0.42106616
OIL-031,0,sim_PLSDA_oils_demo,1,SOY,0.56158039,0.49437192,0.43607726,0.54141847,0.51330836,0.53868528,0.43634549,0.58902128,0.50002379,0.62518386,0.7489506,0.6870996,0.71335233,0.77124301,0.82961979,0.78342863,0.64183677,0.65745706,0.60392881,0.57007477,0.56854444,0.53473933,0.61829391,0.66229043,0.76944316,0.74265666,0.64894412,0.72930795,0.80478364,0.78886919,0.68818871,0.72003049,0.66771492,0.63710053,0.59787475,0.6141492,0.62387805,0.59542928,0.54167179,0.58375226,0.63486286,0.70675627,0.73543027,0.76847738,0.75495258,0.81623784,0.77899501,0.73753812,0.64733086,0.62437661,0.53441337,0.50534993,0.50820494,0.54457831,0.51182366,0.47347517,0.52940656,0.55400476,0.55701559,0.5335606,0.56370934,0.53581974,0.52635451,0.52338941,0.54879151,0.58741636,0.57505641,0.53731921,0.49605049,0.49968531
OIL-032,0,sim_PLSDA_oils_demo,1,SOY,0.54213029,0.38570156,0.50728915,0.41902272,0.50268113,0.56447684,0.49128181,0.46333504,0.64584273,0.70402648,0.7173711,0.79420289,0.73971832,0.82005225,0.81569184,0.72832318,0.66132412,0.65272117,0.60996354,0.51359588,0.59268346,0.57748195,0.57655342,0.65595394,0.6823783,0.71979968,0.71073246,0.79484449,0.73115236,0.76512194,0.67894812,0.64152696,0.68385928,0.61990489,0.59026903,0.5851121,0.56341072,0.51674188,0.57313441,0.59971001,0.62465532,0.68812561,0.7219757,0.7406027,0.76257011,0.77175376,0.81155024,0.65075624,0.65549551,0.5318018,0.61852803,0.51655531,0.51957704,0.55634118,0.54134059,0.44353263,0.53192873,0.51202844,0.55928087,0.55033106,0.57458106,0.54836724,0.51778544,0.55804977,0.44088826,0.48107588,0.45847616,0.4904081,0.47882963,0.49007795
OIL-033,0,sim_PLSDA_oils_demo,1,SOY,0.47395344,0.42720096,0.492119,0.50770319,0.47563052,0.48186623,0.49858508,0.61846009,0.59812731,0.65595187,0.68206049,0.72064306,0.73332343,0.83148146,0.67629836,0.71136353,0.64576858,0.58781344,0.49867804,0.49079666,0.57419768,0.51659654,0.60201823,0.62724302,0.66518424,0.71707065,0.67928442,0.73919181,0.79928566,0.71633411,0.80991128,0.68396579,0.66021328,0.57882881,0.5981599,0.52873051,0.53635997,0.50329702,0.6145161,0.53373644,0.6601476,0.69923905,0.750753,0.72238966,0.81393886,0.79757865,0.73205318,0.6925907,0.62497314,0.61262566,0.51872776,0.54873327,0.52692377,0.44549197,0.39352018,0.4951665,0.4999073,0.56649486,0.5334685,0.52097248,0.48739625,0.52980716,0.49667479,0.46351052,0.49448215,0.53732647,0.49705932,0.45084915,0.50576695,0.44872585
OIL-034,0,sim_PLSDA_oils_demo,1,SOY,0.49619894,0.4546404,0.52186003,0.4915033,0.45091923,0.50060735,0.55988015,0.52744131,0.53185278,0.59767538,0.64524568,0.67709275,0.70045863,0.77038294,0.77238521,0.66858078,0.66188494,0.61805761,0.61238419,0.51643516,0.50464584,0.54488711,0.5544488,0.59622677,0.67756264,0.65313157,0.72004801,0.70259604,0.74945557,0.72358764,0.69671698,0.68125415,0.62861501,0.61838831,0.59937238,0.4820797,0.56988582,0.44348308,0.56043534,0.61114468,0.59976572,0.66428367,0.68566157,0.7826972,0.62939393,0.70384634,0.63188162,0.6713115,0.66692766,0.61825814,0.56199318,0.52015948,0.46371965,0.53432104,0.50710618,0.44977488,0.43887853,0.4763172,0.55812856,0.5746102,0.59011142,0.48601222,0.48932545,0.54661888,0.49179243,0.50930723,0.42420234,0.46172739,0.47573588,0.46218332
OIL-035,0,sim_PLSDA_oils_demo,1,SOY,0.42859437,0.55935781,0.50073581,0.43838937,0.54386539,0.51219171,0.55447164,0.54508258,0.5608386,0.61169889,0.70946858,0.77331914,0.78978216,0.79737923,0.79426281,0.71274046,0.68884539,0.64436799,0.57514989,0.53934811,0.51980604,0.49855518,0.50695804,0.65542841,0.64399797,0.66723449,0.79341774,0.79967889,0.77725433,0.80983776,0.73856421,0.72364682,0.7386218,0.66524634,0.57570467,0.58901483,0.59658041,0.54746707,0.55354449,0.67756939,0.63388159,0.64071755,0.7428767,0.85887336,0.80214146,0.80191447,0.64379982,0.66308778,0.68489179,0.57634575,0.60999893,0.55151469,0.53257798,0.57526775,0.48457516,0.487437,0.51701575,0.53297262,0.46973947,0.59656523,0.55745202,0.53323733,0.55143284,0.49834695,0.5541929,0.50425432,0.52881753,0.46398023,0.48816439,0.51410106
OIL-036,0,sim_PLSDA_oils_demo,1,SOY,0.4668874,0.49136714,0.53858489,0.52624091,0.53604742,0.52065359,0.56078742,0.6132423,0.59762802,0.65812676,0.71767554,0.66079569,0.76466908,0.78665874,0.77458279,0.68659918,0.68577644,0.57243815,0.55424033,0.60742148,0.48077494,0.54096403,0.5606372,0.59644206,0.62019018,0.71202446,0.68425865,0.70460064,0.79052511,0.71825756,0.75731485,0.70613727,0.63422451,0.60482393,0.57826791,0.57463987,0.51931292,0.53888095,0.5079279,0.58631311,0.5635659,0.68595749,0.71296885,0.84469923,0.82167413,0.75064157,0.76111615,0.68887882,0.5827618,0.48727237,0.59307072,0.53920417,0.42953258,0.52429851,0.53187689,0.4693584,0.53471395,0.44572777,0.51908085,0.53891926,0.56964657,0.54582017,0.52544038,0.52632786,0.46961471,0.55059596,0.47614708,0.52094218,0.48888582,0.47914672
OIL-037,0,sim_PLSDA_oils_demo,1,SOY,0.52825118,0.56432798,0.55422158,0.49032041,0.53716421,0.52987234,0.51019474,0.52493159,0.61841613,0.63666569,0.65622774,0.75444426,0.7948821,0.79133409,0.71368555,0.69370769,0.718969,0.58474141,0.56573073,0.649808,0.56627569,0.54165382,0.50645084,0.63010948,0.6037311,0.70283329,0.71023168,0.70838379,0.85535237,0.77965319,0.79712161,0.7529056,0.6505404,0.64032646,0.58616024,0.61353047,0.58013777,0.55150494,0.64999943,0.63658731,0.67735696,0.67521362,0.76629034,0.72137703,0.80780563,0.73831929,0.74972002,0.68569367,0.65709917,0.61788294,0.56592515,0.54092776,0.46775786,0.44253566,0.56550499,0.53937427,0.46376296,0.61070021,0.51914802,0.57788211,0.57535665,0.55423918,0.56092633,0.46922171,0.51441242,0.50144402,0.51341058,0.4984038,0.48355273,0.47996118
OIL-038,0,sim_PLSDA_oils_demo,1,SOY,0.479444,0.52808815,0.52824775,0.51208172,0.53704615,0.55045394,0.52370864,0.58537177,0.68745543,0.61823262,0.70260706,0.73059038,0.86849377,0.73431156,0.76522562,0.757157,0.63262897,0.61322454,0.55348229,0.5072072,0.55271614,0.58470037,0.57154437,0.62760532,0.68992751,0.7549332,0.69893935,0.80323107,0.76791821,0.71209172,0.73283471,0.75257486,0.69566281,0.59659722,0.66832235,0.59478761,0.56392099,0.54779429,0.60413207,0.60415792,0.70802437,0.72288726,0.7784132,0.7716108,0.73421657,0.80066942,0.70600931,0.69646309,0.65132746,0.57636735,0.60766756,0.49018631,0.5907598,0.49896015,0.55752112,0.57201927,0.49262217,0.50907123,0.58924283,0.56894557,0.56569627,0.48108717,0.47523337,0.54963707,0.57705491,0.48744298,0.47953637,0.52176654,0.53177804,0.53566075
OIL-039,0,sim_PLSDA_oils_demo,1,SOY,0.41612721,0.55176112,0.47466041,0.54613652,0.42111807,0.52369372,0.50527887,0.50893939,0.6299854,0.69256185,0.67156838,0.7671392,0.72655246,0.7460151,0.73535779,0.68635121,0.67288813,0.5508921,0.60058433,0.57937809,0.52707289,0.49810827,0.47322323,0.59873815,0.61436331,0.69146441,0.68659014,0.75904689,0.77048614,0.76806184,0.75544524,0.71871596,0.70204912,0.58957088,0.61287563,0.56524944,0.53031318,0.51019932,0.62545499,0.60935991,0.62249458,0.69349491,0.73429814,0.74338453,0.71886826,0.76594712,0.72011074,0.66981781,0.67113951,0.5358744,0.51473116,0.53381129,0.54456452,0.52700554,0.5281835,0.41379159,0.52693851,0.53520988,0.55913245,0.5146513,0.562916,0.57395823,0.58450179,0.51865166,0.44776153,0.49826139,0.51988714,0.51417197,0.56943148,0.48580669
OIL-040,0,sim_PLSDA_oils_demo,1,SOY,0.46029694,0.51163744,0.45466894,0.44691415,0.45916325,0.54866113,0.52651556,0.53075847,0.61693904,0.66037252,0.6483346,0.76627384,0.77089114,0.68111257,0.69024849,0.70250589,0.65878484,0.57954616,0.51474883,0.54288932,0.45550756,0.5592577,0.55382111,0.59232606,0.60922878,0.71238197,0.62860653,0.71688956,0.78806545,0.73209766,0.79421461,0.71628607,0.62577688,0.65689517,0.57322888,0.57450225,0.51518614,0.51866224,0.58851808,0.59669091,0.60594111,0.64878588,0.75273914,0.82666224,0.73339953,0.77985093,0.6048232,0.61936709,0.65209374,0.64382274,0.54822979,0.54230337,0.51515533,0.53600145,0.44994815,0.5192828,0.48353668,0.4987088,0.52531621,0.52711691,0.50580069,0.51760794,0.47702378,0.56051456,0.52133473,0.47311186,0.55059235,0.53803667,0.50638003,0.46596689
OIL-041,0,sim_PLSDA_oils_demo,1,SOY,0.52936922,0.56190704,0.50054238,0.48702996,0.60412374,0.57702595,0.55077767,0.5289899,0.623919,0.69869082,0.73797199,0.78727226,0.78423641,0.82881968,0.7345087,0.69600947,0.6409824,0.58653663,0.65242838,0.48717819,0.55824135,0.51929706,0.53155625,0.61830617,0.59386842,0.69682325,0.83228643,0.76749054,0.80397937,0.74687411,0.77609148,0.66090582,0.68392463,0.62829855,0.68294212,0.56791599,0.54483973,0.53971351,0.53226833,0.64249509,0.71252004,0.68781811,0.77423454,0.76188699,0.80128305,0.78992913,0.6814209,0.66201863,0.68107605,0.52368201,0.56439939,0.52537507,0.4862224,0.51634974,0.5231906,0.53375508,0.4140281,0.59707298,0.52454628,0.59479934,0.54930622,0.52250951,0.52979267,0.6464131,0.57405809,0.49349245,0.5146837,0.54986748,0.52810636,0.50824619
OIL-042,0,sim_PLSDA_oils_demo,1,SOY,0.45465326,0.52784532,0.54253084,0.58936397,0.48252099,0.53898766,0.52791134,0.60633971,0.59148516,0.61936667,0.6313385,0.77402345,0.77969064,0.81952668,0.72710496,0.80785608,0.62322016,0.62335639,0.58272777,0.58913518,0.53311881,0.51247076,0.53212483,0.63778217,0.65094989,0.70510115,0.69982908,0.7684447,0.78554779,0.79613782,0.68950531,0.68030603,0.73659646,0.6087584,0.58481311,0.54679002,0.49083384,0.51045974,0.58631657,0.57680078,0.72783083,0.63447153,0.66018952,0.75217965,0.72884981,0.81887229,0.71326359,0.70538103,0.57916808,0.61797428,0.58156165,0.58051664,0.52383698,0.52691724,0.50950393,0.54116307,0.49418183,0.54386377,0.51269226,0.5734293,0.53497935,0.51161393,0.4971439,0.5707123,0.44122349,0.4399776,0.52306758,0.45720583,0.47826061,0.4771385
OIL-043,0,sim_PLSDA_oils_demo,1,SOY,0.50680162,0.50506547,0.51904924,0.54564416,0.56053554,0.49033926,0.58330571,0.67054266,0.5602424,0.70462536,0.76600877,0.78798978,0.80180103,0.71675878,0.83348413,0.72756109,0.67965508,0.68830918,0.5088889,0.57864156,0.59994524,0.61432007,0.63239876,0.72322219,0.6945556,0.76856555,0.79981846,0.74016468,0.78268862,0.8914475,0.77376404,0.74502013,0.65144318,0.64745957,0.57235084,0.57508016,0.60956439,0.55696298,0.58361936,0.69392453,0.70228337,0.75176461,0.8143882,0.78253589,0.79833818,0.71802626,0.79637462,0.71316437,0.67246114,0.58466896,0.61773602,0.59296718,0.55930058,0.47969856,0.50615228,0.5398473,0.51425711,0.57458795,0.61277903,0.55204503,0.57591567,0.54730847,0.60265966,0.58487781,0.6471594,0.53672805,0.49738453,0.55059293,0.52477674,0.54169419
OIL-044,0,sim_PLSDA_oils_demo,1,SOY,0.50737166,0.54791193,0.43500306,0.56375637,0.53093219,0.52466036,0.53046719,0.63408909,0.59649516,0.71733224,0.69998797,0.76870383,0.80892461,0.87705723,0.78059583,0.73516995,0.67042111,0.61237703,0.56349931,0.63897581,0.62018936,0.54333168,0.59979191,0.57990471,0.70619923,0.7406537,0.75877621,0.75245714,0.82937853,0.81812094,0.76277593,0.76246813,0.63564852,0.6225092,0.57209368,0.58924993,0.63937827,0.57738139,0.63891672,0.62435717,0.65241435,0.7568229,0.78147129,0.84648457,0.83804365,0.75297329,0.65021587,0.71200869,0.61062279,0.55692857,0.51872138,0.52725652,0.52902587,0.52844517,0.60659386,0.47767973,0.53225472,0.49430423,0.51763881,0.56982556,0.5847938,0.50817403,0.59203297,0.49665144,0.56386034,0.51918138,0.55580625,0.5416852,0.50741621,0.53796607
OIL-045,0,sim_PLSDA_oils_demo,1,CAN,0.42817251,0.46615424,0.535955,0.45291459,0.46295567,0.56215076,0.51350574,0.53872906,0.53600332,0.63026212,0.70520201,0.72579204,0.78642992,0.7703315,0.77370609,0.71980868,0.62877248,0.6201973,0.62091138,0.53972541,0.47348061,0.53935751,0.54624674,0.69146006,0.65952971,0.62964073,0.70743152,0.80386107,0.7128791,0.73432394,0.73050913,0.68751384,0.62612209,0.61209958,0.51407393,0.52187654,0.50901942,0.52366453,0.54171011,0.58570687,0.6149145,0.65973702,0.7343312,0.78582299,0.79764941,0.69947576,0.72209431,0.69647781,0.60710136,0.59207912,0.52925229,0.52804642,0.43608064,0.50622233,0.46366588,0.45123668,0.46766643,0.51867861,0.51680291,0.48896204,0.5135581,0.46270281,0.42918143,0.40433915,0.47768901,0.47306413,0.48035629,0.48160285,0.52762067,0.44207981
OIL-046,0,sim_PLSDA_oils_demo,1,CAN,0.56369548,0.51800385,0.47583972,0.40811745,0.45971156,0.48796458,0.51520167,0.55305938,0.57566027,0.68043041,0.64072412,0.72337107,0.73535897,0.79478055,0.74540225,0.72490873,0.64381026,0.74209873,0.58414808,0.50408006,0.52869858,0.52228899,0.59117171,0.6333102,0.65139829,0.67354994,0.69516619,0.81655855,0.81112464,0.64401551,0.74042949,0.66722348,0.64223931,0.68208723,0.53276369,0.51106255,0.63888274,0.52455155,0.55220549,0.63964193,0.61664326,0.68618671,0.73811938,0.81466088,0.70309861,0.7208342,0.71575193,0.71175877,0.60085882,0.60071258,0.52635941,0.50607058,0.55686153,0.48726044,0.61034781,0.50396513,0.53363489,0.51788907,0.42582523,0.42640902,0.50749053,0.44376769,0.46609101,0.47453751,0.45132027,0.53532893,0.51916025,0.49498935,0.51044692,0.45172518
OIL-047,0,sim_PLSDA_oils_demo,1,CAN,0.47918487,0.57587453,0.48738358,0.49365148,0.56654607,0.55458687,0.50664695,0.59592324,0.61105464,0.66164975,0.73935261,0.78582691,0.8297624,0.80965044,0.77795392,0.71589392,0.72718001,0.58745196,0.65841075,0.64812239,0.64232082,0.55948237,0.67172975,0.66710079,0.70563062,0.83911261,0.75638994,0.80187308,0.7426593,0.69877504,0.77574208,0.74441813,0.7119128,0.65290658,0.52474448,0.5939848,0.61188163,0.63265916,0.54976627,0.58421236,0.635139,0.68496245,0.68913971,0.75653836,0.85665999,0.73723857,0.67142762,0.68957368,0.63153513,0.63460799,0.54230402,0.53971591,0.49734668,0.48278559,0.53173833,0.51952148,0.51145677,0.53395147,0.47997546,0.5137836,0.52117306,0.56032651,0.43714237,0.49883421,0.53090633,0.48976985,0.51656089,0.54039137,0.53211199,0.44377155
OIL-048,0,sim_PLSDA_oils_demo,1,CAN,0.36852663,0.50803765,0.49098705,0.53823377,0.4904647,0.45119085,0.55625809,0.48727342,0.57937905,0.62101936,0.71411456,0.76604168,0.74035897,0.72929148,0.73121206,0.66506391,0.67377652,0.60210674,0.60621354,0.63387387,0.48910159,0.50911293,0.57500162,0.60552703,0.61705039,0.60662998,0.81877488,0.75047622,0.714118,0.65929089,0.78858968,0.70854541,0.65186843,0.56699393,0.56828111,0.53133536,0.43448371,0.64541195,0.57343356,0.57412761,0.5920651,0.65426411,0.81971782,0.7679723,0.70767513,0.78371475,0.73455999,0.69013347,0.6147703,0.56888334,0.54901321,0.50683559,0.44243154,0.44972866,0.48563609,0.41845445,0.47655172,0.46875352,0.51101321,0.48790776,0.4693439,0.46941647,0.49877788,0.51921527,0.43805362,0.41950003,0.45125778,0.38812779,0.44963732,0.51495301
OIL-049,0,sim_PLSDA_oils_demo,1,CAN,0.57634407,0.51724535,0.52151743,0.4931023,0.49998759,0.54136129,0.58273101,0.59019094,0.53030264,0.68198153,0.71573458,0.73825951,0.79565228,0.82753487,0.77146142,0.69155194,0.80345306,0.59391355,0.60143882,0.61241162,0.52148787,0.58787036,0.55390593,0.6110373,0.63267362,0.7789631,0.69343218,0.80025797,0.79486814,0.70809156,0.83456164,0.70464456,0.67347804,0.64983407,0.56817059,0.54803368,0.56579313,0.53457821,0.59202981,0.67137964,0.62238611,0.64707225,0.74910377,0.80060422,0.82080954,0.73597827,0.65185548,0.73670304,0.68116651,0.66903396,0.53384436,0.57037819,0.57230474,0.44844186,0.56023455,0.57300624,0.5377786,0.53571907,0.54372932,0.50333257,0.45590326,0.47657273,0.50661797,0.47962944,0.55502428,0.49733278,0.50922934,0.44257139,0.5296916,0.48543694
OIL-050,0,sim_PLSDA_oils_demo,1,CAN,0.45234697,0.53483231,0.50616709,0.50963845,0.59670647,0.57549404,0.5190029,0.63615843,0.59326196,0.70124988,0.65320049,0.75653138,0.78566938,0.78542842,0.70934377,0.65211857,0.67490568,0.65124681,0.59156521,0.55539219,0.50337319,0.56242437,0.57340574,0.600504,0.67802834,0.72244905,0.77269919,0.77679059,0.76765962,0.7878228,0.75976984,0.66945882,0.67768658,0.58213482,0.53332242,0.55392054,0.5491011,0.60552162,0.5832394,0.64902508,0.72866289,0.72334209,0.77722277,0.76430977,0.83423285,0.79010608,0.75704769,0.66370096,0.62256037,0.5887086,0.58447676,0.59890658,0.47866656,0.51543017,0.51285037,0.61407772,0.5139299,0.50003441,0.55119381,0.47691731,0.54294695,0.45424598,0.60222235,0.51943504,0.50412194,0.4686459,0.51517918,0.52455468,0.49200021,0.56894423
OIL-051,0,sim_PLSDA_oils_demo,1,CAN,0.49732808,0.50520341,0.54892916,0.48097395,0.50320701,0.52083916,0.54987613,0.47886407,0.63764593,0.63660696,0.66625523,0.74051888,0.69268465,0.74022235,0.75299333,0.7549292,0.6446454,0.6151187,0.55082048,0.57595252,0.52024283,0.564085,0.55477682,0.56306491,0.60361117,0.66215775,0.77548869,0.88728404,0.76550831,0.73874292,0.76608372,0.72740129,0.64307627,0.69825109,0.62016916,0.59749135,0.55034476,0.55580954,0.60759956,0.5451004,0.61168102,0.69516511,0.6765049,0.83091416,0.74957484,0.74375937,0.74060964,0.74242433,0.6315306,0.55815505,0.51619624,0.53780977,0.48933127,0.59832282,0.54888565,0.36946949,0.45804535,0.50897266,0.58729325,0.41387709,0.47692044,0.54284213,0.46689354,0.4974896,0.47461404,0.52149596,0.45066463,0.49555259,0.43642858,0.53371754
OIL-052,0,sim_PLSDA_oils_demo,1,CAN,0.50771595,0.5108782,0.51115645,0.49703335,0.5222008,0.5392544,0.53805184,0.54395226,0.59078005,0.63853722,0.7286794,0.76325647,0.86382167,0.77930261,0.76376895,0.69063115,0.66721395,0.59668719,0.54340434,0.56309571,0.61501826,0.52616637,0.55723561,0.61530332,0.66857973,0.75504775,0.71819228,0.76895787,0.75663677,0.74805747,0.74058317,0.67782945,0.69669211,0.67787677,0.57874885,0.54578424,0.61473606,0.55593824,0.64189802,0.49884339,0.65102443,0.66456008,0.72737901,0.81093749,0.831294,0.76748298,0.77854211,0.65067469,0.65751197,0.59610112,0.49891508,0.57797741,0.49903621,0.53403596,0.48131101,0.51665937,0.53321105,0.50818567,0.48907865,0.53235212,0.51662166,0.49137116,0.50995324,0.50496381,0.49463236,0.54434663,0.57783497,0.48789734,0.50362195,0.47078382
OIL-053,0,sim_PLSDA_oils_demo,1,CAN,0.52455563,0.45259851,0.49368853,0.42767334,0.46043311,0.51356104,0.5298434,0.54715623,0.59342613,0.63561961,0.72067448,0.79505948,0.77749953,0.75181576,0.68970587,0.66640275,0.62025571,0.64209255,0.48590694,0.49479925,0.48015852,0.56540128,0.52543676,0.51340738,0.54616598,0.68517923,0.64857694,0.78825571,0.80071026,0.70747749,0.71568491,0.69307304,0.58885482,0.55619774,0.54384043,0.5421867,0.54255639,0.45922425,0.56187273,0.57983697,0.61687431,0.65667015,0.75967204,0.811006,0.73957878,0.7374666,0.6474492,0.64923066,0.64402355,0.56813467,0.55114678,0.50748588,0.49992837,0.51353119,0.51277732,0.40212776,0.4704985,0.3625304,0.47941362,0.4570854,0.4552639,0.54140793,0.49343758,0.5244334,0.5043401,0.54675659,0.46961343,0.46933357,0.47584866,0.57746951
OIL-054,0,sim_PLSDA_oils_demo,1,CAN,0.49439071,0.54855015,0.53118667,0.47620205,0.56992781,0.52806967,0.58296591,0.57625384,0.62245918,0.6114886,0.75155431,0.71334898,0.77228853,0.8140328,0.73148633,0.70488752,0.64780877,0.60505472,0.58569405,0.4810201,0.51471181,0.62771079,0.48945431,0.57572402,0.67469417,0.61371692,0.69397103,0.72675871,0.83558001,0.73282743,0.76935631,0.68190327,0.66395065,0.57526507,0.52542614,0.54009095,0.4917599,0.54253489,0.5723238,0.61613956,0.70393437,0.74723536,0.68982053,0.73396395,0.84090395,0.75753785,0.71095581,0.72364063,0.60699305,0.62495871,0.54020613,0.57901507,0.5054389,0.53484306,0.53959694,0.55958215,0.46209647,0.47821885,0.43674223,0.42445757,0.47347617,0.49974042,0.54348329,0.47671331,0.56978993,0.50063399,0.52858795,0.4830957,0.44301986,0.55668106
OIL-055,0,sim_PLSDA_oils_demo,1,CAN,0.54010641,0.48104789,0.51995963,0.49184464,0.48845563,0.50500019,0.55446357,0.50576072,0.55442484,0.68254344,0.66742567,0.75069623,0.71720287,0.76380872,0.79090128,0.70533879,0.6576408,0.58485,0.56780589,0.47136737,0.47197021,0.56312711,0.49852248,0.65504956,0.67823666,0.64071923,0.64257433,0.66341836,0.78666076,0.76517083,0.79935771,0.72731286,0.72723454,0.65697565,0.54773127,0.55269827,0.51425174,0.53819322,0.54814048,0.59165407,0.69834232,0.66951955,0.68726903,0.73977367,0.75531791,0.73753932,0.72076309,0.66474729,0.67774806,0.62539259,0.52306188,0.56797346,0.5686902,0.50368912,0.46497684,0.51394014,0.49236738,0.50867753,0.45262145,0.57898268,0.48723125,0.51636672,0.47137975,0.50148983,0.40356781,0.44328781,0.39650089,0.53502309,0.43997898,0.43323774
OIL-056,0,sim_PLSDA_oils_demo,1,CAN,0.49748478,0.51075133,0.56112131,0.53958891,0.53664162,0.55903699,0.47113927,0.62781683,0.66859304,0.73926677,0.63508803,0.73153013,0.77090396,0.86306776,0.79200468,0.79545565,0.6899451,0.59756988,0.53455907,0.54259782,0.61617978,0.53552911,0.52090445,0.63702779,0.7222298,0.80944032,0.80311588,0.82234501,0.72600077,0.77707904,0.75354864,0.73713944,0.65084209,0.67687783,0.65898851,0.58772394,0.55963582,0.58163791,0.60722841,0.65595461,0.63270753,0.77275918,0.75967607,0.78124894,0.82525428,0.7559457,0.78572747,0.79099234,0.67362361,0.62000545,0.55727659,0.6111894,0.58071806,0.46541307,0.56025066,0.49204896,0.47058436,0.5143405,0.4905013,0.56353876,0.46638532,0.4652355,0.47888924,0.51121261,0.54048916,0.47317116,0.4877596,0.45389414,0.50878917,0.47571972
OIL-057,0,sim_PLSDA_oils_demo,1,CAN,0.60946021,0.49520858,0.53868275,0.55171381,0.51713333,0.53196786,0.58946206,0.57990079,0.61800125,0.67866546,0.78295584,0.76962934,0.82341018,0.81878668,0.81236327,0.73103197,0.66648981,0.60994682,0.61030055,0.58523974,0.56411294,0.59270262,0.70096369,0.67148304,0.60808218,0.77821058,0.7729465,0.75699814,0.8654282,0.80318097,0.82355122,0.72133806,0.74460362,0.64808747,0.66135573,0.63038872,0.53951378,0.60309583,0.62519823,0.63618759,0.61037047,0.7405155,0.75996379,0.85055675,0.769523,0.83781678,0.77064441,0.82130548,0.63045612,0.66463931,0.56967665,0.52805231,0.59307588,0.56496465,0.57797022,0.46935734,0.48480647,0.5559254,0.49835883,0.58504674,0.59898166,0.52719558,0.53368356,0.53352239,0.52078483,0.53098945,0.52318132,0.54962372,0.51916309,0.51165345
OIL-058,0,sim_PLSDA_oils_demo,1,CAN,0.47110267,0.49259423,0.51805025,0.5804735,0.43719066,0.45587902,0.52448859,0.55541725,0.59166652,0.71818743,0.62390252,0.73729368,0.72041987,0.76055205,0.76776078,0.6444776,0.69053752,0.567051,0.52226499,0.47722058,0.50979733,0.51752021,0.60284924,0.54083051,0.65338766,0.72311886,0.72047261,0.79174748,0.74727555,0.78625184,0.73283039,0.79556296,0.65428567,0.61071873,0.60253699,0.53978336,0.5410749,0.56523859,0.60471099,0.57806324,0.64738738,0.68577188,0.7640044,0.79893111,0.79160377,0.77251121,0.80021117,0.64806816,0.6996288,0.61130629,0.49312706,0.53457567,0.45684813,0.49929528,0.4182541,0.52630469,0.46456883,0.56182114,0.46665704,0.49776687,0.44127157,0.4904363,0.4973366,0.51585381,0.59445027,0.56154313,0.52702091,0.4826937,0.48442115,0.48354374
OIL-059,0,sim_PLSDA_oils_demo,1,CAN,0.51479278,0.48600546,0.51009784,0.48091271,0.50992908,0.57412067,0.53416441,0.58420517,0.5526509,0.63059641,0.67509045,0.75702019,0.77674575,0.73941557,0.75505008,0.70119334,0.58110821,0.5939893,0.60612872,0.50207523,0.57616276,0.5699195,0.57151794,0.61617352,0.60785201,0.71296565,0.66901746,0.71148946,0.79201017,0.72108335,0.82210323,0.7183681,0.69761577,0.65728112,0.56653106,0.55788121,0.56388142,0.54797903,0.62882814,0.63941308,0.64994747,0.73956396,0.73527274,0.79350786,0.7782798,0.74747145,0.68724047,0.65040124,0.63225859,0.6028606,0.46498654,0.508651,0.53222124,0.49326662,0.45055899,0.45179316,0.55856489,0.42699159,0.47719983,0.52344225,0.41043678,0.51717334,0.42798837,0.53047756,0.59669736,0.44001058,0.48733833,0.50472932,0.46721904,0.51187743
OIL-060,0,sim_PLSDA_oils_demo,1,COC,0.47048655,0.46079553,0.49243617,0.51625899,0.54278996,0.51343524,0.5009763,0.56774063,0.62960423,0.71463065,0.83977516,0.88564791,0.93961324,0.93994423,0.89311809,0.80510114,0.76754176,0.65430548,0.58996927,0.5074698,0.50168574,0.49897579,0.55002471,0.46923475,0.58543188,0.57986404,0.56392678,0.57125515,0.63160922,0.61754186,0.51960307,0.55538316,0.52764432,0.54301152,0.50486776,0.53775489,0.49337691,0.50439619,0.57276583,0.5273268,0.53546524,0.57726488,0.54247372,0.54334342,0.60993312,0.58164833,0.53371889,0.60820346,0.57757113,0.54004772,0.49457194,0.49712733,0.47520816,0.52857135,0.43462884,0.50194316,0.49134132,0.44520732,0.51511435,0.47675698,0.56509723,0.53728542,0.4881138,0.47529072,0.46305921,0.46149988,0.50294429,0.43300783,0.52917314,0.51825922
OIL-061,0,sim_PLSDA_oils_demo,1,COC,0.52815127,0.59042566,0.51146035,0.57115838,0.49726319,0.49867064,0.58905164,0.51564583,0.6938221,0.73549741,0.80251449,0.89999183,0.94570771,0.99323299,0.93588188,0.83757811,0.7351297,0.62574358,0.60813377,0.45507616,0.57433655,0.52883312,0.46683562,0.56807303,0.52687365,0.56260885,0.52732275,0.58183848,0.62416246,0.61212646,0.61699079,0.5603323,0.59334822,0.49316033,0.51401632,0.4198452,0.50832715,0.4998791,0.52166087,0.56600841,0.61407032,0.5349012,0.5909812,0.53508583,0.69054212,0.6636077,0.61595072,0.62631674,0.59130698,0.51260004,0.55169223,0.55918153,0.5376801,0.49812832,0.48411421,0.5935768,0.50908554,0.5199322,0.44192608,0.52531814,0.50787764,0.46352608,0.54957793,0.49788931,0.52392487,0.51642052,0.47002908,0.50957284,0.55336489,0.45376954
OIL-062,0,sim_PLSDA_oils_demo,1,COC,0.44813099,0.51457769,0.46752957,0.50058857,0.5411151,0.46431611,0.59434469,0.57984313,0.63484443,0.7831272,0.82642242,0.83035056,0.92529021,0.89887297,0.89924038,0.79713209,0.71678103,0.68827313,0.51882629,0.55571496,0.5127416,0.52819927,0.42484556,0.49369038,0.53251068,0.63373969,0.53491404,0.55321705,0.59650972,0.61459905,0.56729858,0.57940997,0.49187316,0.60647066,0.50978574,0.51754525,0.61537362,0.48598671,0.46656377,0.49042896,0.61529584,0.5613074,0.55620202,0.5989247,0.60247288,0.63885229,0.61312741,0.57986883,0.56317989,0.49261308,0.45934305,0.51521892,0.51320044,0.49506012,0.49765779,0.51047086,0.43914374,0.47103,0.44989498,0.41012711,0.50581924,0.4754124,0.50082504,0.50978186,0.44836523,0.54481182,0.49664872,0.52487991,0.55227334,0.46545515
OIL-063,0,sim_PLSDA_oils_demo,1,COC,0.49816557,0.53575073,0.53808517,0.41641307,0.55925401,0.49789446,0.5614111,0.53209874,0.61293332,0.74296634,0.74313663,0.92165415,0.91248777,0.94718621,0.90092113,0.80016063,0.78927149,0.74996126,0.61818313,0.48223882,0.53335905,0.51263055,0.56251134,0.54071538,0.64094251,0.60176049,0.61548634,0.59085844,0.57499016,0.60489419,0.60633534,0.6015382,0.5717459,0.5340941,0.53171099,0.50032086,0.47408868,0.48016689,0.54229794,0.56540316,0.54616926,0.56979295,0.61574435,0.6012846,0.73642881,0.61007681,0.56987197,0.49867983,0.55859697,0.57217769,0.51378216,0.55494375,0.47473033,0.49046337,0.48503054,0.46141105,0.43173287,0.4527582,0.4147369,0.5211522,0.48392506,0.48663219,0.46780803,0.52884993,0.4569292,0.5581689,0.53418031,0.46281562,0.48275795,0.51594554
OIL-064,0,sim_PLSDA_oils_demo,1,COC,0.48723166,0.49932502,0.62054871,0.55993784,0.56562601,0.62102748,0.58759174,0.59478832,0.60705555,0.79077663,0.79716613,0.94415968,0.88303498,0.94512948,0.92226542,0.80025496,0.74285374,0.65102805,0.62613582,0.52849418,0.54599165,0.60461691,0.61011876,0.64186753,0.59981194,0.58574025,0.63268708,0.66098402,0.6497544,0.69428972,0.59990459,0.60207469,0.53089839,0.55644312,0.60732107,0.54891518,0.57158608,0.55996325,0.58914465,0.53095609,0.60422108,0.63043635,0.66818573,0.69050892,0.61886843,0.57566746,0.5929609,0.65204625,0.5384534,0.50411317,0.49158637,0.48127409,0.55527084,0.49180019,0.49545493,0.56517597,0.55646591,0.55411812,0.48818584,0.45064007,0.5328548,0.58898828,0.50452732,0.50789793,0.38884333,0.5880673,0.51080276,0.44912593,0.51640499,0.49494975
OIL-065,0,sim_PLSDA_oils_demo,1,COC,0.59570003,0.47772568,0.51722135,0.49841259,0.49383878,0.55273807,0.62230379,0.62128554,0.64979375,0.76768958,0.84261501,0.94058299,0.93061224,0.96026425,0.97952808,0.84172589,0.7944567,0.67453109,0.61441927,0.53980247,0.66111204,0.58822021,0.59195998,0.60320781,0.53305564,0.5623369,0.60293603,0.55596707,0.59306231,0.66012334,0.53145176,0.56499249,0.57817248,0.56003403,0.54691502,0.50677381,0.56856555,0.43879169,0.55773257,0.49431622,0.5442661,0.59080043,0.6767788,0.58875061,0.57129175,0.6624686,0.60580804,0.5901317,0.59117589,0.58987032,0.54095009,0.43929471,0.50873567,0.51388869,0.46458913,0.46898238,0.53512781,0.51922841,0.47307723,0.53189295,0.51473087,0.45755219,0.49833911,0.45668094,0.4747067,0.52139998,0.46025219,0.45937052,0.52444034,0.46892099
OIL-066,0,sim_PLSDA_oils_demo,1,COC,0.48582722,0.48981181,0.51262331,0.48281371,0.47570903,0.50217734,0.59344473,0.6274229,0.65110582,0.78268875,0.84802067,0.85139514,0.99973203,1.0534834,0.91463406,0.76245747,0.80198326,0.68583469,0.59374266,0.47442039,0.52940518,0.51470065,0.51850601,0.5264435,0.59885341,0.56223325,0.61393938,0.53322768,0.5760248,0.61309465,0.56756885,0.58901424,0.56683374,0.55801506,0.52164825,0.5495807,0.46424948,0.50402446,0.58894717,0.52485777,0.62155437,0.59447727,0.58955412,0.61557418,0.6800822,0.59756801,0.55130359,0.59644471,0.58426969,0.57075476,0.46019625,0.52653976,0.50643587,0.48982595,0.47872497,0.51543508,0.4935149,0.49418838,0.57609878,0.49823437,0.44949788,0.45897693,0.46534411,0.43121621,0.53932932,0.57030306,0.47052058,0.53213502,0.46567945,0.46826544
OIL-067,0,sim_PLSDA_oils_demo,1,COC,0.47125856,0.52337952,0.52565033,0.49901844,0.47374282,0.54666493,0.59419937,0.53709694,0.6416769,0.70902839,0.77152955,0.82503791,0.88350327,0.92336686,0.88804685,0.81076644,0.7708495,0.61155373,0.52538179,0.48647978,0.52715908,0.48293543,0.4429609,0.55812501,0.5940853,0.56412744,0.60014985,0.53156935,0.53686576,0.59764934,0.58946214,0.5575186,0.53499623,0.50300735,0.57029861,0.46741992,0.49120222,0.53929134,0.46463129,0.52500748,0.53311484,0.58282705,0.47894406,0.577736,0.56219672,0.63144777,0.57127884,0.53145631,0.5684957,0.53963236,0.53956626,0.53149914,0.51209829,0.4544776,0.48723831,0.48619001,0.48835025,0.48726284,0.47737933,0.45690751,0.47077289,0.43438475,0.43772936,0.50258975,0.46086175,0.47733153,0.45210298,0.4083433,0.45760235,0.53824397
OIL-068,0,sim_PLSDA_oils_demo,1,COC,0.47131494,0.52666932,0.48064233,0.47828744,0.44687408,0.45467543,0.56603625,0.5981867,0.65736536,0.76362295,0.80376302,0.89771579,0.90693423,0.90926365,0.87263924,0.8686168,0.77260112,0.62361351,0.58778525,0.5632543,0.50383047,0.55625203,0.50222333,0.53239591,0.5493558,0.50770932,0.52901358,0.57757423,0.66547819,0.63902569,0.62375744,0.56483237,0.55246422,0.55454402,0.54795994,0.46543368,0.49267152,0.49157129,0.58245652,0.52198789,0.52951466,0.61524107,0.58361727,0.65133298,0.5794566,0.68761302,0.59468598,0.58398526,0.54795758,0.53660378,0.52414306,0.49940656,0.55539474,0.41164853,0.4512365,0.48380692,0.49304461,0.55580113,0.52021337,0.49808244,0.46598223,0.57666865,0.53293947,0.60018673,0.43852797,0.56711347,0.49423197,0.46409427,0.50338327,0.5030203
OIL-069,0,sim_PLSDA_oils_demo,1,COC,0.43722308,0.48163114,0.44532775,0.50304459,0.45161498,0.52875018,0.52957038,0.62753537,0.62098726,0.6782962,0.76240013,0.90402126,1.09576458,0.88488005,0.8738869,0.88785972,0.76669653,0.71089093,0.60887132,0.5738223,0.5340286,0.48053,0.53790177,0.50253112,0.58347877,0.4679726,0.51122871,0.60120351,0.61647801,0.68414121,0.56715749,0.60912816,0.49280947,0.64154727,0.42641528,0.58013488,0.49953058,0.44234563,0.49982512,0.57142714,0.54854392,0.54078989,0.60010143,0.60546788,0.64629115,0.63112714,0.57045613,0.53878359,0.55046975,0.52343917,0.5250566,0.46260639,0.50186891,0.46005274,0.51340866,0.50058554,0.47952368,0.42607239,0.53430712,0.4550872,0.47008856,0.48579851,0.50563722,0.46742784,0.46836085,0.43217051,0.53118973,0.46968449,0.47065955,0.40610123
OIL-070,0,sim_PLSDA_oils_demo,1,COC,0.5186422,0.52616985,0.44338012,0.49013531,0.51967078,0.45132256,0.51934655,0.60617116,0.68502824,0.66326521,0.763176,0.92876955,0.9107656,0.94341707,0.84131776,0.86192926,0.74521955,0.70581304,0.54805176,0.52180168,0.47241338,0.46483555,0.46514464,0.53695964,0.50962152,0.56373239,0.55407779,0.60886654,0.6337383,0.63047699,0.62305232,0.56673958,0.58208512,0.52494316,0.48729072,0.45931576,0.50211277,0.5161478,0.57879224,0.50802022,0.60475605,0.50387072,0.58151753,0.69212661,0.58892331,0.5606354,0.54162845,0.65255926,0.59239646,0.50123541,0.49011562,0.39808042,0.48367437,0.54938782,0.40760419,0.52756543,0.50902017,0.54731976,0.46262888,0.49499968,0.53897633,0.50440951,0.51334583,0.47232442,0.47775625,0.46173113,0.48991757,0.48665497,0.47509697,0.39952465
OIL-071,0,sim_PLSDA_oils_demo,1,COC,0.47102345,0.52110627,0.43965197,0.45680259,0.48291262,0.53750298,0.59160585,0.57922403,0.63145941,0.67926075,0.81319251,0.86060601,0.92319803,0.88339892,0.92162842,0.78899607,0.65791988,0.63780749,0.5313424,0.55536557,0.56477963,0.52663121,0.50299828,0.48803381,0.51891842,0.64279688,0.61754043,0.5473912,0.55633287,0.60712505,0.58611463,0.5709171,0.57280793,0.48646483,0.4820663,0.54398138,0.51133453,0.4899159,0.50385217,0.54741633,0.55224684,0.53366609,0.53260248,0.62397948,0.5475226,0.67218224,0.53002865,0.53189352,0.57918148,0.5746546,0.50439485,0.38425137,0.47911457,0.39632117,0.45788705,0.51101776,0.50839983,0.48155831,0.48640643,0.50144931,0.46072041,0.4615425,0.52477644,0.49594401,0.52501019,0.49278973,0.49210952,0.50982645,0.50529751,0.54522968
OIL-072,0,sim_PLSDA_oils_demo,1,COC,0.48946817,0.49295336,0.47185786,0.52169925,0.49105207,0.48074556,0.58492843,0.66146321,0.60164906,0.78432639,0.84043381,0.86567409,0.92377482,0.94576503,1.00404209,0.84915229,0.81735484,0.64965509,0.65276686,0.60061445,0.5189044,0.51591687,0.56306816,0.49247289,0.57154549,0.53960461,0.60909315,0.63902002,0.65565633,0.64165446,0.60818232,0.57836984,0.54708443,0.53849281,0.53011314,0.51558697,0.53818843,0.50513056,0.47651322,0.58063831,0.54203099,0.52590574,0.57427735,0.61025007,0.61910875,0.63048061,0.68450943,0.53573502,0.63161592,0.55509072,0.52051759,0.43277424,0.50408504,0.53774589,0.4674172,0.44745386,0.45578862,0.51470034,0.50922917,0.57159375,0.48838111,0.53981638,0.45874433,0.49865414,0.55148916,0.49602893,0.52851771,0.45655241,0.46989119,0.4856968
OIL-073,0,sim_PLSDA_oils_demo,1,COC,0.46287028,0.54053144,0.47367203,0.49591254,0.55522951,0.5074475,0.52668875,0.55646533,0.683971,0.75584551,0.88786927,0.96344971,0.86550666,0.95823942,0.97127737,0.82687079,0.7352466,0.60225225,0.63084615,0.50250825,0.52767181,0.50048671,0.53690527,0.5131999,0.53061303,0.60780065,0.58237843,0.63347348,0.57620763,0.66010599,0.61164437,0.6238929,0.58723032,0.47461532,0.41889855,0.55367643,0.48663548,0.4908451,0.48121533,0.50618039,0.55897171,0.60281324,0.57417823,0.5110942,0.6265181,0.60871875,0.55781843,0.51099302,0.48831823,0.57311987,0.48312287,0.54531753,0.48022236,0.52142754,0.44708334,0.43253504,0.47469078,0.41296914,0.42875383,0.50122838,0.54517536,0.48970106,0.41624429,0.44131167,0.48958376,0.47678692,0.578668,0.55832545,0.47058529,0.56674939
OIL-074,0,sim_PLSDA_oils_demo,1,COC,0.44781206,0.54380639,0.44533308,0.46767704,0.5611626,0.4941367,0.59166959,0.6087687,0.62645661,0.7494861,0.85520543,0.91799255,0.89548646,0.96948348,0.79600129,0.80489828,0.73361073,0.68916392,0.64318978,0.49130607,0.50066142,0.51111695,0.50139423,0.54771669,0.57561887,0.59599979,0.57217133,0.7278523,0.55826691,0.59467886,0.65575118,0.61044423,0.59077815,0.59166356,0.51775768,0.51886127,0.55514779,0.57634808,0.46715705,0.51181638,0.55174715,0.60849341,0.54098814,0.64165202,0.58022827,0.63229307,0.59807111,0.62803129,0.50594871,0.55138987,0.5016171,0.47419366,0.53369934,0.45259872,0.51914071,0.44674379,0.44022123,0.51552787,0.57415049,0.50619029,0.44920651,0.50062266,0.4748177,0.46009858,0.4954096,0.50834662,0.51938655,0.4453232,0.55220204,0.47452808
OIL-075,0,sim_PLSDA_oils_demo,1,PEA,0.44266691,0.48172232,0.44288634,0.48675081,0.44570233,0.53063835,0.51016242,0.51565461,0.59917574,0.56448435,0.64187884,0.71168697,0.72688872,0.71524287,0.72623135,0.63150908,0.60657144,0.53034552,0.53137322,0.46908705,0.46426343,0.51876593,0.49744175,0.59788572,0.64188009,0.66443687,0.70660484,0.72312854,0.65384988,0.66555304,0.70292373,0.61460132,0.59338064,0.58235349,0.56521535,0.46771182,0.52168442,0.55734694,0.5536061,0.62627089,0.58432229,0.69508858,0.76790752,0.73571458,0.75501374,0.74405275,0.58770605,0.60776735,0.63759934,0.50490129,0.53763359,0.52610334,0.5411947,0.477299,0.5133065,0.47578967,0.53900989,0.44971057,0.45390083,0.49181027,0.54470226,0.49292777,0.49246194,0.48900858,0.58626309,0.55232322,0.60080035,0.61342442,0.66052928,0.55386509
OIL-076,0,sim_PLSDA_oils_demo,1,PEA,0.49391686,0.48760953,0.42728201,0.45253827,0.46582045,0.50052432,0.47914096,0.61482608,0.5804574,0.66073726,0.6715004,0.70797046,0.75146793,0.70948044,0.62880408,0.68049421,0.58787129,0.62862935,0.50838708,0.53262047,0.52317544,0.50735214,0.53407844,0.57114372,0.62098312,0.66238132,0.68926875,0.71297098,0.63635877,0.77620571,0.72818891,0.61854041,0.59818856,0.50949278,0.44561857,0.52340076,0.59856296,0.54032629,0.55854217,0.58041943,0.63787816,0.65361817,0.65950518,0.6946743,0.75384298,0.6988922,0.60977702,0.66923685,0.61455166,0.62104718,0.54142165,0.51626289,0.49771729,0.46244718,0.50100521,0.46737779,0.44586353,0.48278688,0.49076484,0.50202935,0.5162953,0.58203958,0.49463729,0.57961839,0.55620096,0.59677095,0.65501637,0.60237412,0.62460645,0.62744913
OIL-077,0,sim_PLSDA_oils_demo,1,PEA,0.44040767,0.46023717,0.47759853,0.51107038,0.43236226,0.54683829,0.53316486,0.55240105,0.4830873,0.6176041,0.61926498,0.71972575,0.71048952,0.69807668,0.6566218,0.64553542,0.63666113,0.50254536,0.50647086,0.50825618,0.50592298,0.5031288,0.54897491,0.57310949,0.52162627,0.68471598,0.62218575,0.75191885,0.74817392,0.64215453,0.69680617,0.71538886,0.67909431,0.59407373,0.52472966,0.58226357,0.46344827,0.46622187,0.57244717,0.52043513,0.62804685,0.6039302,0.65880572,0.75629287,0.71482181,0.73192099,0.67012367,0.62037267,0.56910195,0.52177756,0.54447576,0.52508696,0.56002814,0.49698117,0.47097434,0.49947212,0.53636912,0.4206988,0.54511973,0.44641366,0.44859682,0.58875763,0.54061366,0.49538266,0.58183848,0.63761687,0.6414986,0.67197969,0.63366241,0.61222205
OIL-078,0,sim_PLSDA_oils_demo,1,PEA,0.44178938,0.49079053,0.42995339,0.51208058,0.48539953,0.54345617,0.54581729,0.51673424,0.45909115,0.55168331,0.65554752,0.77736547,0.71998049,0.74382935,0.69772582,0.55348424,0.63913346,0.56316957,0.48160655,0.55146362,0.51714101,0.64519567,0.45763727,0.54315469,0.61288101,0.63379912,0.71038757,0.74606857,0.74165948,0.72055364,0.66998886,0.67337989,0.66453061,0.59678565,0.47685246,0.6064879,0.50889782,0.566378,0.52666177,0.61746331,0.59798253,0.71167011,0.74157328,0.68916013,0.60624744,0.72521878,0.64323628,0.68299432,0.61697946,0.54891537,0.49561064,0.47806528,0.55713619,0.52908624,0.47773349,0.49736777,0.52038839,0.4758995,0.41104285,0.55037499,0.47285658,0.46624148,0.502943,0.48386733,0.50903478,0.5971272,0.59060344,0.65015697,0.64040831,0.67569176
OIL-079,0,sim_PLSDA_oils_demo,1,PEA,0.50034175,0.47522947,0.54528145,0.51860657,0.51798187,0.58577402,0.53559098,0.55797513,0.52835396,0.5536523,0.64898939,0.71350441,0.68956598,0.69620026,0.74296413,0.65142992,0.60561499,0.57363828,0.5120416,0.57226435,0.59052904,0.58298475,0.62224344,0.51051155,0.66138447,0.65808222,0.75382647,0.69891523,0.76945108,0.80375939,0.73704262,0.6862415,0.63732598,0.62820894,0.56854113,0.50773635,0.56912624,0.61330035,0.57810803,0.63311712,0.67582383,0.6695462,0.70253931,0.69860429,0.74826995,0.74751448,0.66127784,0.64809019,0.66015065,0.55337724,0.57929742,0.54306349,0.50214537,0.54231703,0.52717398,0.49823171,0.50366038,0.51516861,0.51936277,0.51752671,0.5303491,0.48700407,0.5768535,0.53423954,0.56147767,0.6566288,0.67517205,0.57481663,0.64019254,0.64323656
OIL-080,0,sim_PLSDA_oils_demo,1,PEA,0.4457836,0.48463188,0.48240098,0.53995507,0.55310745,0.54028351,0.53834729,0.53040943,0.63937379,0.55111749,0.7068972,0.74917318,0.76120692,0.74984352,0.7338788,0.71636725,0.61799492,0.63203007,0.57137565,0.55694199,0.44212802,0.50326961,0.56680738,0.57806831,0.67641168,0.61863429,0.76166414,0.77175452,0.76019957,0.7273061,0.68007868,0.64642118,0.62883095,0.62023102,0.61633227,0.59614381,0.60061041,0.60085177,0.54749318,0.58153265,0.68266256,0.64841936,0.75872517,0.74575343,0.69663144,0.7578609,0.72050929,0.64024461,0.53492278,0.60379688,0.58005971,0.57381433,0.54407394,0.49078661,0.4484744,0.50808405,0.55104536,0.50816745,0.46334332,0.44567705,0.40933545,0.52711713,0.5485602,0.46422903,0.55665619,0.67344243,0.56237803,0.72123834,0.69926938,0.65951674
OIL-081,0,sim_PLSDA_oils_demo,1,PEA,0.53142067,0.53694104,0.57803698,0.46928192,0.44645079,0.44520076,0.54751446,0.60245293,0.5664307,0.65496141,0.69249907,0.77050671,0.77712802,0.76572857,0.70039039,0.67326445,0.67893902,0.60826645,0.62273542,0.52691324,0.58563651,0.54809268,0.5914865,0.53486352,0.66650229,0.64126165,0.75985566,0.77295227,0.7254142,0.80500979,0.78645891,0.76406921,0.70660246,0.6063024,0.64736492,0.51833498,0.54487527,0.5736284,0.5115481,0.65117503,0.66508348,0.67587442,0.6331436,0.71737008,0.78404343,0.76623778,0.67586459,0.62093997,0.63177911,0.54634251,0.49769751,0.59843259,0.52723876,0.53367895,0.50503542,0.55105006,0.55058263,0.50539474,0.49447783,0.4961631,0.54995854,0.5244493,0.48259026,0.60341208,0.58171532,0.63622456,0.70399617,0.68146348,0.68504616,0.62129034
OIL-082,0,sim_PLSDA_oils_demo,1,PEA,0.5490691,0.52903784,0.5103085,0.50854081,0.50809702,0.53619391,0.52101737,0.58533303,0.57863324,0.67908295,0.69014317,0.69973205,0.76627967,0.70731967,0.84713549,0.66246888,0.63922573,0.65861418,0.54943584,0.51701445,0.51013661,0.60147062,0.53146725,0.67157304,0.66488734,0.67369886,0.75864931,0.73982083,0.74075986,0.69735648,0.67033361,0.70483066,0.57775153,0.55892104,0.52867951,0.56480419,0.501971,0.5515071,0.67386383,0.60232529,0.70751733,0.68474746,0.67225893,0.71906272,0.72313635,0.75460558,0.73564894,0.67640094,0.61176035,0.55834098,0.54270341,0.50227389,0.49233911,0.61391314,0.54690313,0.46806033,0.50926908,0.521553,0.50659878,0.48185474,0.5246405,0.52072557,0.54570865,0.59110272,0.55525299,0.6204335,0.62450687,0.62333101,0.62730895,0.62912438
OIL-083,0,sim_PLSDA_oils_demo,1,PEA,0.45043712,0.45966093,0.49500213,0.54706563,0.54548079,0.43956402,0.50371544,0.56208644,0.55644712,0.60959284,0.62453667,0.70781002,0.72013611,0.69246353,0.72545062,0.70719703,0.6403869,0.53441293,0.55875301,0.56088987,0.56953686,0.58112811,0.59014173,0.57463468,0.6377731,0.68329929,0.69553561,0.7300719,0.68873964,0.73654623,0.68703049,0.6669177,0.70274065,0.60750186,0.57977585,0.52097019,0.47691318,0.49016587,0.54000028,0.57178185,0.54669646,0.63206081,0.69579464,0.68923253,0.71454374,0.72236496,0.73719786,0.66338018,0.66813667,0.5159235,0.59083425,0.51155866,0.54392229,0.57529892,0.53046019,0.50774998,0.55309417,0.47103239,0.53108495,0.50598722,0.50770496,0.47384076,0.52183864,0.54336812,0.55856299,0.608149,0.57119943,0.67680846,0.62119294,0.61292041
OIL-084,0,sim_PLSDA_oils_demo,1,PEA,0.4761118,0.46470436,0.54004026,0.45964573,0.46620644,0.49616296,0.4690667,0.49982564,0.58193174,0.62782149,0.69205933,0.71984952,0.69191821,0.6862355,0.7460134,0.58069424,0.62773612,0.60669437,0.59462696,0.58406977,0.56823677,0.60921577,0.48208147,0.57048596,0.63119603,0.56677748,0.6611238,0.76346941,0.70317644,0.76430718,0.72988386,0.71984927,0.6684403,0.6203965,0.59490761,0.51175236,0.60212494,0.52934997,0.5220906,0.59965826,0.56368165,0.7414409,0.79056726,0.76970281,0.69427992,0.73743474,0.70212052,0.63132109,0.59888398,0.59031041,0.52274365,0.51975821,0.50924803,0.44986737,0.4828141,0.47756784,0.55760621,0.49884199,0.51000102,0.50360208,0.49588238,0.50456037,0.50782028,0.44941133,0.56432662,0.57397306,0.61762102,0.60553825,0.59839403,0.60700188
OIL-085,0,sim_PLSDA_oils_demo,1,PEA,0.49949315,0.50674761,0.49779151,0.50406769,0.47967296,0.5019056,0.54943098,0.54060197,0.60453105,0.626498,0.71017683,0.67148085,0.7447871,0.76822154,0.68276977,0.68047431,0.64300312,0.58283503,0.59273744,0.5517035,0.52412159,0.57459767,0.57556759,0.70087696,0.56319917,0.66962913,0.6965413,0.72414514,0.65703465,0.73506055,0.68876588,0.70735315,0.59857993,0.67198848,0.57166358,0.53217962,0.55337399,0.48601611,0.51744563,0.60898237,0.61042413,0.66659453,0.61152336,0.67185808,0.66630802,0.78679592,0.68633556,0.7039765,0.60055198,0.614299,0.52119736,0.50264685,0.50148902,0.5024965,0.41545924,0.49214746,0.4541613,0.46420786,0.47986481,0.47572362,0.49077819,0.54092278,0.55351351,0.59887953,0.53421405,0.59181998,0.61522874,0.62374129,0.6568505,0.63457667
OIL-086,0,sim_PLSDA_oils_demo,1,PEA,0.50205506,0.54571843,0.49202985,0.54269739,0.50363926,0.529578,0.59820434,0.5273382,0.59681692,0.67501594,0.67730169,0.76422689,0.83671599,0.79351455,0.71363643,0.64601046,0.64088086,0.56937869,0.52945814,0.57032846,0.56301882,0.48040866,0.54409904,0.55285031,0.65485181,0.68226513,0.73974486,0.72768428,0.76134766,0.76378912,0.71420574,0.7191542,0.57604615,0.65015202,0.52612013,0.54269974,0.55611138,0.55398961,0.50964325,0.59278754,0.54141265,0.65916112,0.68696607,0.79012954,0.72691573,0.69773467,0.67026577,0.62549473,0.61654507,0.58718802,0.61228276,0.47627425,0.53613158,0.45004575,0.48958112,0.54336133,0.54622306,0.53168857,0.47585966,0.53644738,0.5603826,0.45149394,0.49530896,0.5408228,0.57751431,0.61601098,0.62633918,0.62248153,0.66032386,0.58313644
OIL-087,0,sim_PLSDA_oils_demo,1,PEA,0.51743158,0.51696501,0.53431314,0.53771985,0.53265251,0.57250822,0.4742204,0.55828957,0.59196826,0.61773326,0.67248149,0.72732815,0.72317433,0.81796445,0.79471751,0.65905917,0.67362298,0.62434774,0.56904926,0.53438248,0.55749873,0.55157959,0.5436368,0.62810583,0.63585173,0.71129076,0.65149041,0.69782422,0.61790013,0.71935236,0.67014398,0.70613886,0.685612,0.61303393,0.61347409,0.52851024,0.49704087,0.60216113,0.60253567,0.61980777,0.6146471,0.70898123,0.73013074,0.83509841,0.63491401,0.68001379,0.73302043,0.68976732,0.63137328,0.57333228,0.52427317,0.59345642,0.55986846,0.52065865,0.51946682,0.56812386,0.4609377,0.45455887,0.49543992,0.45976245,0.53691809,0.53537033,0.54709998,0.52962067,0.54569072,0.62114018,0.55305814,0.58852378,0.60016542,0.55750011
OIL-088,0,sim_PLSDA_oils_demo,1,PEA,0.4564203,0.52811944,0.49822044,0.43842299,0.40976041,0.58793194,0.5403727,0.56816475,0.56516571,0.58873572,0.72621545,0.66646458,0.72038259,0.73795392,0.68120611,0.6558579,0.61100151,0.57088199,0.62023688,0.5428858,0.57564293,0.50960579,0.54172792,0.56739265,0.56538392,0.66650047,0.64483827,0.68083169,0.73936904,0.74652555,0.68311561,0.68895735,0.69306652,0.66642122,0.61404846,0.54381291,0.59643425,0.53698306,0.55162464,0.62966919,0.64317001,0.68918019,0.67353023,0.72160521,0.75309375,0.74974318,0.7224932,0.59060767,0.70866436,0.61337123,0.51859828,0.57680187,0.5112321,0.49327175,0.56980023,0.4582655,0.46158103,0.46698755,0.47855237,0.63135049,0.486235,0.46908313,0.52702662,0.57038954,0.62105209,0.57241324,0.71565471,0.65892444,0.60843839,0.58420012
OIL-089,0,sim_PLSDA_oils_demo,1,PEA,0.50969547,0.49221213,0.51594969,0.60466598,0.57269799,0.50269948,0.50793286,0.59929369,0.5506591,0.56212219,0.64292023,0.66817624,0.68547234,0.73601992,0.69165192,0.67121905,0.65399496,0.57666966,0.50815049,0.51098802,0.57771021,0.50844275,0.52563849,0.61664368,0.59796834,0.63607838,0.7189229,0.72960874,0.72466876,0.72590441,0.76540839,0.70406677,0.62552626,0.59969304,0.64921807,0.55479462,0.56765799,0.56836059,0.55131024,0.6060392,0.59830748,0.66654809,0.76089757,0.73371886,0.80976154,0.74496564,0.72893044,0.67422182,0.59212019,0.63225081,0.61576935,0.54997885,0.52442036,0.50647076,0.53204112,0.55298375,0.54552341,0.51962116,0.51008671,0.51526434,0.50531716,0.47360836,0.60838001,0.51512971,0.53999095,0.67069018,0.66431858,0.6801592,0.62845653,0.62125328
