sample_id,group,instrument,rep,acidity_pct,900,910,920,930,940,950,960,970,980,990,1000,1010,1020,1030,1040,1050,1060,1070,1080,1090,1100,1110,1120,1130,1140,1150,1160,1170,1180,1190,1200,1210,1220,1230,1240,1250,1260,1270,1280,1290,1300,1310,1320,1330,1340,1350,1360,1370,1380,1390,1400,1410,1420,1430,1440,1450,1460,1470,1480,1490,1500,1510,1520,1530,1540,1550,1560,1570,1580,1590,1600,1610,1620,1630,1640,1650,1660,1670,1680,1690,1700
VIPDEMO-000,0,sim_PLS_VIP_demo,1,7.1549,0.33378533,0.33841272,0.33381766,0.33313412,0.32779815,0.3308139,0.32727829,0.33123796,0.32564146,0.32417546,0.32135494,0.31862122,0.32109063,0.32024639,0.3196515,0.32358428,0.32732617,0.33189091,0.32967475,0.33463388,0.32925531,0.3311036,0.32837866,0.33678918,0.33324257,0.33575575,0.34420526,0.34289824,0.34463379,0.3513166,0.34833016,0.35081776,0.34488367,0.34547413,0.34331201,0.33709761,0.33933776,0.33034678,0.32905298,0.32859067,0.33044234,0.32592721,0.32502684,0.32673434,0.32936453,0.3239183,0.32067548,0.32307947,0.32373759,0.317891,0.31673794,0.30693318,0.30850445,0.30499645,0.30384897,0.30180291,0.30389608,0.30090363,0.30921909,0.30598239,0.31256658,0.32041657,0.32156321,0.31455879,0.32228488,0.31898632,0.31704959,0.31839616,0.31588306,0.31692502,0.30566776,0.30660061,0.30654775,0.30196375,0.31271386,0.31681576,0.312041,0.31698735,0.31633402,0.31866732,0.31611778
VIPDEMO-001,0,sim_PLS_VIP_demo,1,4.8047,0.26589789,0.27002479,0.27241032,0.2689312,0.26780061,0.26699523,0.27241404,0.27440315,0.27212193,0.26618494,0.26069605,0.2607973,0.25717504,0.25856505,0.26959064,0.26946024,0.27514688,0.27670863,0.28398728,0.28597756,0.28029028,0.28189936,0.28083499,0.2861679,0.28480571,0.27860897,0.28452153,0.27585195,0.27062992,0.26738773,0.27323074,0.2758604,0.2753354,0.28108829,0.28684387,0.28634544,0.29205257,0.29708943,0.29568771,0.29411871,0.29847569,0.2998645,0.30558846,0.29872298,0.29623318,0.30273775,0.30400108,0.30335445,0.30846937,0.31067887,0.31715047,0.31550697,0.32068682,0.32714534,0.32901509,0.33600354,0.33368455,0.32996385,0.33160354,0.32515196,0.32355935,0.32059073,0.31619111,0.31544188,0.31570291,0.31260841,0.31525407,0.31934383,0.31821759,0.31495873,0.32539385,0.31577687,0.32138744,0.32245165,0.32495031,0.31943016,0.32297437,0.32318637,0.32801507,0.32651731,0.32736563
VIPDEMO-002,0,sim_PLS_VIP_demo,1,6.5137,0.31561106,0.31359379,0.31087937,0.31050466,0.31415897,0.3154379,0.31424608,0.31613183,0.31772803,0.318833,0.32161544,0.32441068,0.32824282,0.32624319,0.32194548,0.32746863,0.32513962,0.3200763,0.32355021,0.31898116,0.31881583,0.31983063,0.32822676,0.32567986,0.32863836,0.33079973,0.33259745,0.33845829,0.34184189,0.34771447,0.34024161,0.34715076,0.34326025,0.33400147,0.3396197,0.3390531,0.33530102,0.33104146,0.32959532,0.32246209,0.32903943,0.32856033,0.32535033,0.32894343,0.32659277,0.33551258,0.32513176,0.32585908,0.32147087,0.32563054,0.32551342,0.32308922,0.31884761,0.32134024,0.31808426,0.32066617,0.31772719,0.31482536,0.3223996,0.32278047,0.33107196,0.32909452,0.33193627,0.33381379,0.33000142,0.33359161,0.33701246,0.33171269,0.33133007,0.33030023,0.32577371,0.32549295,0.32737936,0.32593538,0.32934244,0.33146666,0.33148468,0.333055,0.34460248,0.34399432,0.34030848
VIPDEMO-003,0,sim_PLS_VIP_demo,1,7.3006,0.30703343,0.30816349,0.30325058,0.30338796,0.30827964,0.31089218,0.3016042,0.30486913,0.30239627,0.29908177,0.29718571,0.29584626,0.29666729,0.29325541,0.3001743,0.30547387,0.30835207,0.31106709,0.31179188,0.3131062,0.31994651,0.31538306,0.31866007,0.32486961,0.32501004,0.32551471,0.33268328,0.33797983,0.34312578,0.34534041,0.35107734,0.3498155,0.34707023,0.3411142,0.34145864,0.33742029,0.33753757,0.32644619,0.32603096,0.3293325,0.32141058,0.3253055,0.32531301,0.32509678,0.32240475,0.32553154,0.32088727,0.32831659,0.32200087,0.32166636,0.31786262,0.31431277,0.30961214,0.30644428,0.30137816,0.30189495,0.30015878,0.30406849,0.30971675,0.31474982,0.31882987,0.32534762,0.33234677,0.33399898,0.33305935,0.33624062,0.33703042,0.34430048,0.33178125,0.33736385,0.33279337,0.34063912,0.33663942,0.33923541,0.33934962,0.34177257,0.33194004,0.33805922,0.34251147,0.33896837,0.34516372
VIPDEMO-004,0,sim_PLS_VIP_demo,1,6.2066,0.30771547,0.31020878,0.31032209,0.30801283,0.31102621,0.30904564,0.30917725,0.31781804,0.3124593,0.32036648,0.31545616,0.3176819,0.31454998,0.31577434,0.32049457,0.31358767,0.30535493,0.31368926,0.30545885,0.30606207,0.30685171,0.30139908,0.31200135,0.31197143,0.30823255,0.31167011,0.31133605,0.31199257,0.31440235,0.31163521,0.31488862,0.31385375,0.31998632,0.30816339,0.31432069,0.31068741,0.30718891,0.30344261,0.30945508,0.30753643,0.30242306,0.30150342,0.30231189,0.30692335,0.2985208,0.30126621,0.3042081,0.29647032,0.30018934,0.30358945,0.298794,0.29961419,0.29518091,0.30078416,0.29596086,0.29812459,0.30007848,0.29715993,0.30116998,0.30044714,0.2995027,0.30075,0.29710976,0.29098857,0.29992045,0.29973124,0.29632546,0.2958999,0.30288618,0.29930191,0.30083987,0.30155443,0.31006841,0.30032005,0.29340278,0.29907723,0.2945752,0.29096458,0.29544255,0.29270345,0.29640417
VIPDEMO-005,0,sim_PLS_VIP_demo,1,5.7418,0.28365425,0.28859511,0.28944431,0.29309952,0.28971816,0.2945087,0.29237438,0.29518239,0.29754695,0.30199365,0.30522178,0.30953213,0.30758204,0.30625422,0.30707803,0.30492622,0.30041295,0.30050325,0.29879875,0.30206735,0.292501,0.30284418,0.29026413,0.29230169,0.29870799,0.29545048,0.29775244,0.29769677,0.29550561,0.29571827,0.29904879,0.30168126,0.30285263,0.30202484,0.30101124,0.30599158,0.29641686,0.30343992,0.30757726,0.3090404,0.30826602,0.30913445,0.30864699,0.30641305,0.29981245,0.3054193,0.30659074,0.3126365,0.307251,0.30815544,0.31193152,0.30793325,0.3117911,0.31417035,0.31227585,0.3135884,0.30880957,0.31054049,0.31350823,0.31764681,0.31255481,0.31160781,0.31216719,0.31681528,0.31103875,0.31637182,0.31559421,0.31794728,0.3168618,0.32089378,0.32621353,0.32257017,0.32269242,0.31663299,0.32529888,0.32128498,0.32366199,0.32235816,0.31944938,0.31992069,0.31805294
VIPDEMO-006,0,sim_PLS_VIP_demo,1,6.8116,0.32258612,0.31046202,0.31655703,0.31453179,0.31705135,0.3099877,0.31513664,0.32194503,0.31727362,0.32440949,0.32201342,0.32536745,0.32209477,0.32475418,0.32143759,0.32659252,0.31877897,0.32426065,0.32137291,0.32268316,0.32811109,0.32422987,0.32483354,0.32920261,0.3343885,0.33444479,0.34533162,0.34493594,0.34697935,0.34868086,0.35133717,0.35304939,0.35266723,0.3468406,0.34142777,0.33960644,0.33040688,0.33761172,0.33506,0.33093623,0.33307017,0.32786547,0.33628926,0.33075592,0.33016092,0.33802852,0.32920389,0.33334365,0.32930509,0.32953115,0.32922374,0.32692161,0.33145589,0.3289718,0.32312518,0.33185821,0.32541002,0.32660107,0.33044311,0.32844374,0.3376847,0.33276664,0.33315377,0.34116291,0.33614721,0.33900228,0.33718829,0.34083786,0.34422216,0.33879307,0.34774511,0.3471553,0.35453675,0.35626437,0.350865,0.34970183,0.34972087,0.34867303,0.3405685,0.34062996,0.34309443
VIPDEMO-007,0,sim_PLS_VIP_demo,1,6.5816,0.28029309,0.27899042,0.27897093,0.27786347,0.27638794,0.28203899,0.28471305,0.28312819,0.28605633,0.28467107,0.29101115,0.29486698,0.29456154,0.29429332,0.28905473,0.28544672,0.2856607,0.28852621,0.28143734,0.27733559,0.27964772,0.28130315,0.28626297,0.28705175,0.28306387,0.28439536,0.2887841,0.29166914,0.2906094,0.29770688,0.29407091,0.29576375,0.29330598,0.29369868,0.28984444,0.28892028,0.29005045,0.2856645,0.28820064,0.27947989,0.28222522,0.27949972,0.27828786,0.28234544,0.28809092,0.28314082,0.28525339,0.27632068,0.2820864,0.27708067,0.27985013,0.28060799,0.27440264,0.27745146,0.27082753,0.27310444,0.27141487,0.27476596,0.27577352,0.27163447,0.27881828,0.27986114,0.28739157,0.27576296,0.28386681,0.28638213,0.2898389,0.28832713,0.28461711,0.28933959,0.28497458,0.28504161,0.28472612,0.28464992,0.29019737,0.28070365,0.2808397,0.28812999,0.28665648,0.28781068,0.28455918
VIPDEMO-008,0,sim_PLS_VIP_demo,1,5.3358,0.31967458,0.31596344,0.31325857,0.31004375,0.3133365,0.30834483,0.31010162,0.30885965,0.30909701,0.31167485,0.30096957,0.3143475,0.3108931,0.30798495,0.30726245,0.31108469,0.30845711,0.31374922,0.30787861,0.30516747,0.30317181,0.30641448,0.30885082,0.30098598,0.30689671,0.30389572,0.2985813,0.30143522,0.29077249,0.28821508,0.29486839,0.2952766,0.29571187,0.29546553,0.29243795,0.29964442,0.29799913,0.30246361,0.30100278,0.29715552,0.30245401,0.30292341,0.30268716,0.29795253,0.29667321,0.301873,0.29910911,0.29881672,0.30217283,0.30255131,0.30135011,0.29978969,0.30559438,0.29860225,0.30199505,0.30286555,0.29721288,0.29819301,0.3016923,0.29748233,0.29328697,0.30032091,0.29499575,0.29400968,0.29851505,0.28797435,0.2899855,0.28783004,0.29325156,0.28539936,0.29344636,0.28665982,0.28549878,0.28748051,0.28439421,0.28309648,0.28477194,0.28724422,0.28454404,0.28792979,0.28549511
VIPDEMO-009,0,sim_PLS_VIP_demo,1,5.8623,0.26795786,0.26949902,0.26903944,0.26514409,0.26849669,0.26734986,0.27173871,0.2717743,0.26987824,0.2680986,0.274708,0.27031039,0.27273983,0.27277187,0.2745616,0.27695263,0.27365664,0.27452545,0.27875682,0.26828419,0.27871557,0.27858922,0.28349641,0.2838893,0.28413982,0.28333054,0.28857213,0.29040896,0.29360988,0.2956686,0.29388731,0.29790476,0.29446658,0.29657459,0.29523882,0.29720374,0.29263527,0.29695205,0.29087623,0.28938544,0.29421064,0.28901322,0.29436085,0.295022,0.29507535,0.29643566,0.29658108,0.3006465,0.29742267,0.29307056,0.29911893,0.30414889,0.30611416,0.30661285,0.30587771,0.30387546,0.31177796,0.30550112,0.30386307,0.29971506,0.31255392,0.30685508,0.30153099,0.30994988,0.30969518,0.30296872,0.31037606,0.30782926,0.30915816,0.31032742,0.30409299,0.31136609,0.30476687,0.30439493,0.31153352,0.30820611,0.31138395,0.31683449,0.31328497,0.31308568,0.31889808
VIPDEMO-010,0,sim_PLS_VIP_demo,1,6.7316,0.27164944,0.27763079,0.27589871,0.27514106,0.27682184,0.27617623,0.27868047,0.27332805,0.27514497,0.27107511,0.26833882,0.26740127,0.26541158,0.27072858,0.27213436,0.27560095,0.27245311,0.27825352,0.28588127,0.28644626,0.28365871,0.28522093,0.28712478,0.29139655,0.29467619,0.29362651,0.29615937,0.29800604,0.30139739,0.3074164,0.30108731,0.30494965,0.29876975,0.29749328,0.29396174,0.29536643,0.29999119,0.29927903,0.29603109,0.29316809,0.29632363,0.2901438,0.28930803,0.29123152,0.29352758,0.2890176,0.29225985,0.29961297,0.29366485,0.29234553,0.2904311,0.29293995,0.29108047,0.28790194,0.28621324,0.28027502,0.2831699,0.28809746,0.28996579,0.29325052,0.29515439,0.30388097,0.30353987,0.29814029,0.3045612,0.30429914,0.30384714,0.30411942,0.30699448,0.31261396,0.30667327,0.30875634,0.30953966,0.30511852,0.31004229,0.30728806,0.31022103,0.31048168,0.3146528,0.30885164,0.30898374
VIPDEMO-011,0,sim_PLS_VIP_demo,1,3.3178,0.32183093,0.32211752,0.32304975,0.32508257,0.3216888,0.32209616,0.32461985,0.32460881,0.32584113,0.32254387,0.33245183,0.32675629,0.32683834,0.32487154,0.32821012,0.32918219,0.32537454,0.32446831,0.32337238,0.32987619,0.32392404,0.3192521,0.31832203,0.31714179,0.30942004,0.3035896,0.29622287,0.28819184,0.28438156,0.28342591,0.27862972,0.27782576,0.28036954,0.28859947,0.29420027,0.30032819,0.31097636,0.31511553,0.32120291,0.32208723,0.32124807,0.32612666,0.32516324,0.32842908,0.32180816,0.32409674,0.32611106,0.33186582,0.33104934,0.32997128,0.3356107,0.34589373,0.34635504,0.35482363,0.36060729,0.36148932,0.36184224,0.35913118,0.35164105,0.34063061,0.34207478,0.33634552,0.32733807,0.32634158,0.32195258,0.32887924,0.32266105,0.32433717,0.32340906,0.32439697,0.31978534,0.31750932,0.31991772,0.32135547,0.31796552,0.32054649,0.31766096,0.32717204,0.32196084,0.32715999,0.32708891
VIPDEMO-012,0,sim_PLS_VIP_demo,1,6.2344,0.34044238,0.33385078,0.33566784,0.33047904,0.33712414,0.33123275,0.33047891,0.32955891,0.32524182,0.32312758,0.32881485,0.32447973,0.32635638,0.33250642,0.32568615,0.3323426,0.32731936,0.32310885,0.32781057,0.32916353,0.32808712,0.32380836,0.32286244,0.32893025,0.33261242,0.33324135,0.32827988,0.32981039,0.33221925,0.33512959,0.33314584,0.33239102,0.32982811,0.32040792,0.32252611,0.32454438,0.31776723,0.32668876,0.31713528,0.32042439,0.32040744,0.32037388,0.31313621,0.31546742,0.31997506,0.3152081,0.31677257,0.30644958,0.31365043,0.31156323,0.30896207,0.30207399,0.30289963,0.30222623,0.30034181,0.29739322,0.30380418,0.30412404,0.30152333,0.30819783,0.30169494,0.30699016,0.31142232,0.30850343,0.30621124,0.30761932,0.30498966,0.30249724,0.30018594,0.30062941,0.29827286,0.2981186,0.29391034,0.2971442,0.29979583,0.29627226,0.30376143,0.29773349,0.29817025,0.29861213,0.29667017
VIPDEMO-013,0,sim_PLS_VIP_demo,1,6.6803,0.27395476,0.27684637,0.27566482,0.27621847,0.27754478,0.27941871,0.27205268,0.27635266,0.27399192,0.27405691,0.27105976,0.27412545,0.27386116,0.27314201,0.27003502,0.27462975,0.27015723,0.26878867,0.27577237,0.27328822,0.26933382,0.27237556,0.27521802,0.27911447,0.27721965,0.27746805,0.2789574,0.28028647,0.28570783,0.28502692,0.28943961,0.28498078,0.28863483,0.28281839,0.28111199,0.27825615,0.27596734,0.2792436,0.27113947,0.27071537,0.27082681,0.27296531,0.26789407,0.27469678,0.26752971,0.26847661,0.27006617,0.26981076,0.26602037,0.27031582,0.27183837,0.26500659,0.2656745,0.2641885,0.26847252,0.26121277,0.26210757,0.26086769,0.2638918,0.26344865,0.26441293,0.26573679,0.26969216,0.26652521,0.27000931,0.26701227,0.2704731,0.26303431,0.2624152,0.26645508,0.26802839,0.26160897,0.25655255,0.2659019,0.26458996,0.26182076,0.26871439,0.26916638,0.26387805,0.26469802,0.26777594
VIPDEMO-014,0,sim_PLS_VIP_demo,1,4.9938,0.30937303,0.31144891,0.30966611,0.31455255,0.31581422,0.31703309,0.31054171,0.3076312,0.30907525,0.30896421,0.30607959,0.30785203,0.30773828,0.30800563,0.30596486,0.31276173,0.30970974,0.30674002,0.31437252,0.31893014,0.31584363,0.31132804,0.31483342,0.31884427,0.31546041,0.31393141,0.30995683,0.31246537,0.31005349,0.31591856,0.31257336,0.31452569,0.30842904,0.31420395,0.31790543,0.32178844,0.32186631,0.31688228,0.32834937,0.32023479,0.32039403,0.32077724,0.31884832,0.32138762,0.32075098,0.32174097,0.32153558,0.32338649,0.32698932,0.32420955,0.32438254,0.33123442,0.33146051,0.33535028,0.33211044,0.33508081,0.33290671,0.3306402,0.33173709,0.33135893,0.331274,0.32597251,0.3308434,0.33137235,0.32906186,0.32676723,0.32534155,0.3301502,0.32432474,0.32952253,0.31972882,0.31888459,0.32561269,0.32133871,0.32892361,0.32618467,0.32735999,0.33093187,0.33408764,0.33405183,0.33162169
VIPDEMO-015,0,sim_PLS_VIP_demo,1,5.5359,0.31852529,0.31573145,0.31787738,0.31145769,0.31543882,0.31942284,0.31896214,0.31793135,0.32529531,0.33014634,0.33985844,0.34206472,0.34128368,0.34508495,0.33276007,0.33145534,0.32332183,0.31652539,0.31154589,0.31189723,0.31302404,0.30274294,0.30654688,0.30767756,0.3013378,0.2999176,0.30434209,0.29785383,0.29588181,0.29702132,0.29591937,0.29652826,0.29681307,0.29994358,0.29769938,0.3000131,0.2958122,0.29918412,0.29724135,0.30289975,0.29949578,0.30176645,0.2973321,0.29488053,0.29928159,0.29614648,0.29187151,0.29470191,0.29278527,0.298428,0.29354754,0.29511271,0.29392911,0.2952678,0.29251083,0.29213653,0.29142734,0.28606862,0.28962525,0.28584508,0.28560669,0.28885137,0.28322072,0.28721596,0.29041386,0.287361,0.29003562,0.28575779,0.29015691,0.28467186,0.29084591,0.29335589,0.30054569,0.30006206,0.28652876,0.28801997,0.28417084,0.28842727,0.28445144,0.27964917,0.28206364
VIPDEMO-016,0,sim_PLS_VIP_demo,1,4.1436,0.27994393,0.28809136,0.28529469,0.29174627,0.29216297,0.28290276,0.29148833,0.28419611,0.28595263,0.28057959,0.27619873,0.27439192,0.27319231,0.28009718,0.27914509,0.2797607,0.28838002,0.28821057,0.29333498,0.29085205,0.29454137,0.29048734,0.28973135,0.29099972,0.28978948,0.28413465,0.27937238,0.28314779,0.27178553,0.26244026,0.2711144,0.26911036,0.26944822,0.2810939,0.28542458,0.28678045,0.29087464,0.29598605,0.30189727,0.29829727,0.30643466,0.30433659,0.30562634,0.30961041,0.30493303,0.30831438,0.30754108,0.30007811,0.31034771,0.31382292,0.31706201,0.32574335,0.32562113,0.33309317,0.33595235,0.33771843,0.33075384,0.331916,0.32812637,0.33008002,0.3205833,0.32038869,0.3172002,0.31115977,0.3113394,0.31522452,0.31662391,0.31920195,0.31387938,0.31093059,0.31451285,0.31084626,0.31915354,0.31471579,0.31621717,0.32257173,0.31914428,0.31485923,0.32055787,0.31784734,0.31660237
VIPDEMO-017,0,sim_PLS_VIP_demo,1,6.251,0.26494497,0.26692231,0.26506491,0.26718588,0.26670238,0.27036568,0.26753198,0.26714497,0.27012042,0.26676716,0.2744419,0.27864623,0.28264364,0.27775811,0.27928324,0.26873323,0.27663182,0.27279964,0.27429077,0.26895679,0.27163222,0.27118281,0.26985019,0.27143567,0.27694179,0.26915068,0.27371078,0.27715912,0.28084271,0.27426155,0.27393418,0.27190812,0.27828136,0.27622745,0.27589603,0.27494312,0.26939948,0.27721938,0.2764493,0.26965885,0.27138489,0.27068828,0.27129319,0.27906511,0.2766461,0.27082506,0.27980121,0.27512569,0.27384286,0.27020451,0.26927859,0.26957093,0.27694308,0.2640645,0.26411591,0.2685886,0.26711359,0.26554344,0.27754495,0.2707717,0.27146617,0.27410564,0.27747169,0.27854484,0.27992139,0.27818733,0.2760961,0.2813399,0.27632178,0.27464794,0.27795899,0.27896629,0.27406907,0.27439016,0.27596198,0.27510494,0.27709069,0.28115891,0.28140758,0.27278719,0.28457612
VIPDEMO-018,0,sim_PLS_VIP_demo,1,7.8564,0.27563673,0.27755698,0.27261392,0.28168137,0.28004871,0.27892351,0.28245843,0.27874572,0.28485276,0.2826598,0.2842687,0.27611222,0.27942072,0.27434732,0.2818675,0.28075172,0.28234791,0.2890697,0.28767537,0.29270403,0.28791949,0.29100889,0.29696929,0.29322748,0.30133656,0.310045,0.31068073,0.3237836,0.32495816,0.33424876,0.33173311,0.33779776,0.3257853,0.33047674,0.31772295,0.32149484,0.31304473,0.30425339,0.30948911,0.30469148,0.30523865,0.30560389,0.30849604,0.30532746,0.3088322,0.30445531,0.30608737,0.30896254,0.31040625,0.30503566,0.30154945,0.30020234,0.29680498,0.28912244,0.29849618,0.28816957,0.28742535,0.29475652,0.30093735,0.30478044,0.30802238,0.31384426,0.31879591,0.31771005,0.31879513,0.32329903,0.3246263,0.32222514,0.33436497,0.33188952,0.33571521,0.33540127,0.32894322,0.33987086,0.32892961,0.33067629,0.33411525,0.33132605,0.33548084,0.33648344,0.33407697
VIPDEMO-019,0,sim_PLS_VIP_demo,1,4.4936,0.29503985,0.29251707,0.29437793,0.29581863,0.29835536,0.29409714,0.29783569,0.30092557,0.30215457,0.30435873,0.29927629,0.30681885,0.30952699,0.30486947,0.30631309,0.30237092,0.30395829,0.3015853,0.29715798,0.30073825,0.30000302,0.29409691,0.2962442,0.29447712,0.28965826,0.2939173,0.28571949,0.28515884,0.27615949,0.28032703,0.27644358,0.28246534,0.28268817,0.28939663,0.29505771,0.28838761,0.29706844,0.29899391,0.29980888,0.30057845,0.30378477,0.30652029,0.30734311,0.30917099,0.30639453,0.31015955,0.31000677,0.31239061,0.31420302,0.3160172,0.32064675,0.3204712,0.3212899,0.32808455,0.33637604,0.33640606,0.33406527,0.3368889,0.33131923,0.32970609,0.31760494,0.31630081,0.31676383,0.31675095,0.31741934,0.3134386,0.3159077,0.31358863,0.30813639,0.30908949,0.30348057,0.30175502,0.29659984,0.29845366,0.30122935,0.3075219,0.30649625,0.30726551,0.31415186,0.3236798,0.31712468
VIPDEMO-020,0,sim_PLS_VIP_demo,1,5.3142,0.27165518,0.27831811,0.27337578,0.27912858,0.27681045,0.27104306,0.27280126,0.28036454,0.28459262,0.29128212,0.29342713,0.29902221,0.298077,0.29532068,0.28967835,0.29374399,0.28946756,0.28658805,0.27946012,0.28398304,0.27459721,0.28167808,0.27994841,0.279766,0.27070881,0.28523593,0.27553076,0.27602006,0.27689651,0.27618662,0.27247574,0.28064032,0.27853734,0.28054557,0.27611656,0.28280126,0.28266583,0.28761306,0.2818399,0.27833673,0.28505631,0.28635303,0.28904093,0.28815879,0.28363317,0.28679787,0.28362463,0.28926145,0.29660028,0.28614014,0.28626597,0.28787768,0.29278767,0.29657892,0.29552459,0.29126907,0.29743815,0.2979758,0.29932773,0.2954797,0.28792948,0.29486924,0.29040286,0.2870128,0.29110121,0.29219687,0.29352802,0.29122359,0.29399593,0.29739527,0.30031765,0.30217041,0.29763089,0.3044664,0.29622417,0.30006295,0.29751956,0.28798238,0.29327033,0.29514075,0.29626027
VIPDEMO-021,0,sim_PLS_VIP_demo,1,7.4581,0.30181193,0.30419263,0.30026613,0.3053584,0.30310952,0.31010353,0.30360336,0.31126321,0.31382327,0.32498315,0.3286364,0.33211058,0.33503929,0.33354076,0.3304536,0.31990283,0.31750415,0.30882853,0.30472966,0.30199166,0.30230433,0.30778852,0.30119123,0.30632955,0.31024485,0.31516371,0.31680777,0.31620171,0.32914277,0.33171054,0.33344003,0.33121008,0.3233646,0.32639305,0.31646137,0.31378185,0.31425914,0.3081012,0.29919342,0.30005912,0.30277239,0.30044255,0.29672646,0.29256996,0.29359267,0.29478694,0.2957503,0.2979757,0.29596288,0.28490601,0.28550835,0.28034173,0.27680653,0.27671512,0.27210271,0.26790399,0.2765825,0.27225339,0.27454349,0.28014551,0.29079066,0.29045204,0.28819548,0.29229645,0.2891332,0.29488974,0.29278182,0.2838673,0.29030991,0.29193454,0.28264286,0.28599648,0.28404098,0.28707875,0.28195096,0.29020696,0.28769535,0.29368602,0.292417,0.28929879,0.28686087
VIPDEMO-022,0,sim_PLS_VIP_demo,1,5.757,0.28502209,0.28528683,0.28452934,0.28799178,0.29408647,0.28249669,0.29022988,0.28890282,0.28553023,0.29035353,0.29621953,0.28552285,0.29058744,0.28705106,0.29469179,0.29378491,0.29324309,0.2929762,0.29694951,0.29792597,0.29234236,0.29120296,0.29588856,0.29975808,0.2972684,0.30357867,0.29929683,0.29875319,0.30179669,0.29738442,0.29909801,0.30104536,0.30072262,0.30788333,0.30603354,0.30414389,0.30240943,0.30707418,0.30783421,0.30364374,0.30071394,0.30647291,0.30506772,0.30483275,0.30656528,0.31005617,0.30691203,0.30775059,0.30704058,0.30695475,0.30686266,0.31261136,0.31153595,0.3106586,0.31168623,0.31431219,0.31545357,0.31409578,0.31463222,0.31583789,0.31219992,0.31031641,0.32137512,0.31729781,0.32006554,0.31302134,0.31653695,0.32001919,0.32003877,0.31557054,0.31687817,0.3137641,0.31027334,0.3104376,0.31087739,0.3152129,0.3221669,0.31947475,0.32749527,0.32596358,0.32587682
VIPDEMO-023,0,sim_PLS_VIP_demo,1,5.1073,0.2681557,0.27376233,0.26960435,0.27821215,0.27247886,0.27345088,0.27653717,0.27637522,0.28295092,0.28398852,0.29137469,0.28329266,0.2889063,0.28960386,0.28672776,0.28158971,0.27965447,0.28296373,0.2785115,0.27451384,0.2758067,0.27993521,0.2802337,0.27750129,0.27843656,0.27495139,0.27352547,0.26691849,0.2669352,0.27061237,0.2688995,0.27072636,0.27380606,0.26578026,0.27779426,0.28078642,0.28154142,0.2841184,0.28136851,0.28801287,0.28868299,0.28857347,0.29076781,0.29350384,0.29013334,0.28881106,0.29102768,0.29563829,0.29525596,0.29426042,0.29651212,0.30015315,0.29817201,0.3014418,0.30734956,0.30793043,0.30531207,0.3052099,0.30299446,0.30590113,0.2995775,0.29935185,0.29733159,0.29434575,0.29103134,0.29582456,0.30635725,0.29781976,0.30254921,0.30288658,0.30822039,0.30327364,0.30167911,0.29939531,0.30953761,0.30695953,0.29708538,0.30413253,0.30072133,0.30300962,0.30119552
VIPDEMO-024,0,sim_PLS_VIP_demo,1,6.3415,0.31651426,0.31826546,0.31596206,0.31412278,0.31610594,0.31673286,0.31449991,0.31153862,0.31567453,0.30921051,0.31440447,0.3096782,0.30946268,0.31201433,0.31054273,0.31361354,0.31511902,0.31430042,0.31646872,0.31956656,0.3165189,0.31609165,0.31909709,0.32023825,0.31652598,0.32212701,0.32155016,0.33077103,0.32548774,0.32813153,0.33064972,0.32308116,0.32333214,0.32551117,0.32461386,0.31918518,0.32168381,0.32171021,0.32082385,0.32329915,0.32038055,0.31752181,0.32212422,0.3215744,0.31747154,0.31625685,0.3199694,0.31972537,0.32247547,0.31824914,0.31974187,0.31913555,0.31517689,0.31547206,0.30830907,0.30943282,0.31269007,0.31266662,0.31452478,0.31699322,0.31404746,0.32258152,0.32116918,0.32279118,0.31518581,0.31784041,0.3157126,0.31721286,0.32047463,0.32036907,0.3219382,0.31626147,0.32118988,0.31632436,0.32096569,0.3231489,0.31772357,0.32044266,0.32358585,0.32421081,0.31910434
VIPDEMO-025,0,sim_PLS_VIP_demo,1,3.1541,0.25991629,0.26344021,0.25374248,0.25568549,0.25662207,0.26142097,0.25514695,0.26755838,0.26828661,0.27002442,0.26148113,0.26967163,0.26900427,0.27261355,0.26713064,0.26717561,0.26109269,0.26707213,0.2682383,0.26290828,0.25492668,0.25782941,0.25351779,0.2544467,0.24738038,0.24394807,0.23641165,0.22907706,0.22519322,0.2144854,0.21999227,0.21708526,0.21990736,0.23199118,0.23853568,0.24766747,0.25511987,0.2558926,0.2636711,0.26017818,0.26633405,0.2662551,0.26523902,0.2638001,0.27026988,0.26447594,0.26905223,0.27741749,0.28000195,0.28061096,0.28341226,0.29592305,0.29752528,0.30507724,0.31100506,0.30753769,0.30425761,0.29918924,0.29465456,0.28879668,0.28505079,0.28358153,0.27696051,0.27345079,0.27648958,0.27110576,0.27806439,0.27677912,0.28102886,0.27972318,0.28049131,0.28281424,0.28327837,0.28365772,0.28174405,0.28257215,0.27639347,0.28164091,0.2758578,0.28346161,0.27455828
VIPDEMO-026,0,sim_PLS_VIP_demo,1,3.769,0.30521174,0.30160405,0.30800672,0.30178365,0.30337409,0.3069498,0.30205784,0.30479263,0.29964302,0.30921374,0.31134539,0.31116806,0.3088162,0.30536426,0.31414354,0.30799994,0.30984917,0.31542964,0.31288394,0.31308212,0.31730877,0.30879071,0.31069737,0.30144307,0.30028526,0.29532981,0.29046195,0.28462613,0.2743877,0.27377088,0.27758267,0.27344257,0.28508372,0.29202824,0.28995265,0.29724164,0.31332735,0.31586357,0.31478995,0.31800876,0.32072603,0.32431324,0.3206732,0.32973354,0.32366388,0.3253321,0.32926398,0.33322737,0.33322935,0.33779219,0.34692872,0.34840254,0.35458447,0.36374099,0.36710277,0.36704664,0.3648104,0.36511317,0.36022614,0.35549641,0.34660525,0.3397269,0.33796358,0.34714727,0.33779933,0.3367653,0.33700346,0.33360561,0.33377803,0.33779917,0.33742304,0.33077886,0.33321929,0.33391257,0.33769363,0.33799173,0.34044259,0.34195611,0.34340406,0.34305422,0.3481165
VIPDEMO-027,0,sim_PLS_VIP_demo,1,7.3566,0.27399333,0.2799841,0.28127052,0.28082769,0.27836143,0.2823527,0.27500509,0.28560258,0.28505547,0.28361358,0.28852923,0.28318188,0.28916496,0.2897316,0.28712111,0.28887203,0.28538076,0.2919024,0.27951571,0.28637065,0.28893621,0.29167018,0.29589112,0.29349977,0.2950806,0.30174699,0.30455602,0.31095945,0.31301749,0.31223006,0.32243553,0.3149765,0.31814456,0.31548813,0.30785662,0.30822673,0.29738723,0.29610127,0.29659529,0.2980489,0.29190584,0.29093768,0.29526921,0.29609702,0.29065422,0.29734891,0.29953938,0.29605945,0.29572433,0.29543525,0.28656693,0.28759372,0.28049793,0.28033702,0.27788092,0.2760062,0.27435644,0.27770326,0.27919351,0.28527286,0.28979915,0.29815382,0.29898418,0.30017677,0.29665097,0.29672868,0.29725565,0.29846084,0.28707896,0.28439117,0.28391618,0.27861038,0.28148355,0.28148727,0.28204678,0.28760725,0.29273119,0.29800994,0.30519417,0.30350763,0.30435887
VIPDEMO-028,0,sim_PLS_VIP_demo,1,3.7912,0.27997915,0.28074272,0.28492814,0.28577493,0.28298033,0.284885,0.28324009,0.28540539,0.29076156,0.29369224,0.2923195,0.2989239,0.29805671,0.3025223,0.29566525,0.30077439,0.29710647,0.29362643,0.29613864,0.29434401,0.2912216,0.29055654,0.2963893,0.2911627,0.29098603,0.28925186,0.27905146,0.27416741,0.2668591,0.27004755,0.26611193,0.26691512,0.27480498,0.28340994,0.28806369,0.28867436,0.30582719,0.30793941,0.30958644,0.31498613,0.3127506,0.31669976,0.3194939,0.3181031,0.32327198,0.31851121,0.32269419,0.32423436,0.32249165,0.32674463,0.33036628,0.3437946,0.34564207,0.34595651,0.35254746,0.35300795,0.36005758,0.34951894,0.35448524,0.34517138,0.34453919,0.33868258,0.33260797,0.34136365,0.34007131,0.33982743,0.34051251,0.34290211,0.33667082,0.3385741,0.34195774,0.33812267,0.34013232,0.33957782,0.34709367,0.3430729,0.34982927,0.35000903,0.35076539,0.34945489,0.3538345
VIPDEMO-029,0,sim_PLS_VIP_demo,1,3.1473,0.32221389,0.31985051,0.31987318,0.31278109,0.31992285,0.31482326,0.31814759,0.31434505,0.31637311,0.30991809,0.30845944,0.31070103,0.30800539,0.30531476,0.30867346,0.30408035,0.30439901,0.30690407,0.30531211,0.30414393,0.30343441,0.29725853,0.29740965,0.29194767,0.28612399,0.27794189,0.26534924,0.26567639,0.25025512,0.2491296,0.24893629,0.25410365,0.2486127,0.25887262,0.26468359,0.27171745,0.27378709,0.28334301,0.28200998,0.28448951,0.28607705,0.28848208,0.28463705,0.28660823,0.28579289,0.28467749,0.28150342,0.28630344,0.28907359,0.29120083,0.29833195,0.30021962,0.30942037,0.3124579,0.31589268,0.31969242,0.31361333,0.30652827,0.30434108,0.29550549,0.28441849,0.27918642,0.27823943,0.2763238,0.2707952,0.27279238,0.26834819,0.27298082,0.26301518,0.27208415,0.27230824,0.27075977,0.26609095,0.2682662,0.26278789,0.26787466,0.25785395,0.26167124,0.25732311,0.25248082,0.25778211
VIPDEMO-030,0,sim_PLS_VIP_demo,1,7.632,0.35230874,0.34706661,0.34815918,0.34686633,0.34639034,0.34752065,0.34703285,0.35497976,0.34489433,0.35778805,0.35753756,0.35725637,0.36041208,0.3593361,0.35112556,0.34639401,0.35566801,0.34827565,0.34537545,0.35109425,0.34236472,0.34216031,0.34880526,0.34886653,0.35131425,0.35448961,0.36242755,0.36363306,0.37572308,0.37095543,0.37303165,0.37261305,0.36624631,0.37005036,0.35652851,0.35515893,0.34389689,0.35142837,0.34125978,0.34002005,0.33522858,0.3360225,0.33082743,0.33212835,0.3337263,0.32731834,0.3284444,0.33358676,0.33016951,0.32440566,0.3235359,0.31623599,0.31501996,0.3046748,0.29853868,0.29960252,0.30741078,0.30052418,0.3078209,0.31322493,0.31362821,0.32093184,0.32054476,0.32483054,0.32298201,0.3271271,0.32204932,0.31766163,0.3302043,0.32774415,0.32253898,0.32231001,0.31982279,0.32763771,0.31835903,0.32379996,0.32257835,0.3181584,0.32479817,0.31566085,0.32077787
VIPDEMO-031,0,sim_PLS_VIP_demo,1,6.7639,0.34526457,0.34382838,0.33611571,0.34230225,0.33413486,0.33860158,0.32846254,0.32986579,0.3234774,0.33030493,0.32371067,0.31437798,0.31335213,0.31891214,0.31870081,0.31832839,0.32115988,0.32357823,0.32192085,0.31790763,0.32053232,0.32492815,0.32578523,0.32759781,0.32858657,0.3274696,0.32903187,0.33631333,0.32983749,0.33212334,0.33824327,0.33484267,0.32704734,0.3206613,0.31770193,0.31998516,0.31303484,0.31360492,0.3038115,0.30970793,0.30349463,0.30492871,0.30935967,0.3036076,0.30399138,0.2965987,0.29627302,0.29302311,0.29903313,0.29090571,0.29227953,0.29346021,0.28172804,0.28220666,0.27528049,0.28015163,0.27763287,0.28152836,0.28083276,0.28437192,0.27722396,0.27924919,0.28552571,0.28411748,0.28167724,0.27953316,0.27984583,0.27772102,0.2821378,0.27773825,0.28049561,0.27588415,0.28374297,0.27889112,0.27586289,0.27331999,0.26896074,0.27282744,0.27268557,0.27408589,0.2679442
VIPDEMO-032,0,sim_PLS_VIP_demo,1,7.8872,0.2694574,0.27704197,0.26777207,0.27286105,0.27404441,0.27204127,0.27172015,0.27316375,0.277035,0.27666898,0.28551701,0.28909395,0.2773062,0.28590777,0.281778,0.27997297,0.27838036,0.27495837,0.27510164,0.27097967,0.27682838,0.27865494,0.27938304,0.28462209,0.28352735,0.29306802,0.30020445,0.30066977,0.30811454,0.30965405,0.31056174,0.3167526,0.30798326,0.30101203,0.29700961,0.29204185,0.29518956,0.28585537,0.27749613,0.27773259,0.27600331,0.27360107,0.27388839,0.27333073,0.27515425,0.27702009,0.2694618,0.26933469,0.2675772,0.26777881,0.25710299,0.2515334,0.24936234,0.23809616,0.23109845,0.23816343,0.23550811,0.24304089,0.24511566,0.24969895,0.2558643,0.27252313,0.27613636,0.27662306,0.2793396,0.27318663,0.27466936,0.26656278,0.27127787,0.27268132,0.26845217,0.2749224,0.26444117,0.26862086,0.26698412,0.26943781,0.27011582,0.27351884,0.2692004,0.2777168,0.27491558
VIPDEMO-033,0,sim_PLS_VIP_demo,1,6.7986,0.27582769,0.26972133,0.27703312,0.27401233,0.27207761,0.27401075,0.26970505,0.27204977,0.2693098,0.27169117,0.26546166,0.26626544,0.26770833,0.26860554,0.26247898,0.27369461,0.26867693,0.26915483,0.27258853,0.26756671,0.26889714,0.27234514,0.27062672,0.28101614,0.27820572,0.28098457,0.28458681,0.28917385,0.29135846,0.2889605,0.2952681,0.29431961,0.29581659,0.28762385,0.28426057,0.28001278,0.2751366,0.27627132,0.27125258,0.27363361,0.2779779,0.27660184,0.27805951,0.26861166,0.27573549,0.27371318,0.27324161,0.27475457,0.27150855,0.26979037,0.26449143,0.27030458,0.26057411,0.2615797,0.25510727,0.2539654,0.25868438,0.25812896,0.26444185,0.26482119,0.26908828,0.27287664,0.26711818,0.27400308,0.26609411,0.27133461,0.2723783,0.27148492,0.27697921,0.27738062,0.27730102,0.2870677,0.28147927,0.28119174,0.27901331,0.28096952,0.27812911,0.27414242,0.28178718,0.27737656,0.27425769
VIPDEMO-034,0,sim_PLS_VIP_demo,1,7.614,0.28089749,0.27754322,0.27785474,0.28151468,0.27931083,0.28157204,0.28556349,0.286477,0.28529293,0.28333486,0.29172039,0.29226503,0.28839838,0.29152149,0.2917084,0.29309252,0.2861667,0.28637381,0.28214027,0.28417803,0.28336699,0.28676993,0.28206402,0.28881599,0.28580641,0.29311835,0.2995566,0.30427378,0.31126802,0.31566878,0.31862943,0.31538279,0.31224134,0.30760398,0.30481098,0.295176,0.29869419,0.29052906,0.28410935,0.27591948,0.27988427,0.27932953,0.28064235,0.28030993,0.28466647,0.27513837,0.27763032,0.27839442,0.27778776,0.26761095,0.27150675,0.26023487,0.25433305,0.25187956,0.25012197,0.2474719,0.24931713,0.25142198,0.25845672,0.25972924,0.26654604,0.27159382,0.27373012,0.27775254,0.2746513,0.27586207,0.28204594,0.28053394,0.28332446,0.28632269,0.28981533,0.28536984,0.29309626,0.28457277,0.28845798,0.27960965,0.28052183,0.27839078,0.27881461,0.27800474,0.27296325
VIPDEMO-035,0,sim_PLS_VIP_demo,1,4.7221,0.28238976,0.291495,0.28899061,0.29124923,0.28764552,0.28672446,0.29159674,0.28857887,0.28753577,0.28955333,0.29320942,0.2932413,0.29439267,0.290138,0.28556641,0.29451139,0.29071588,0.28679533,0.28835385,0.28851968,0.28587927,0.28934725,0.28877277,0.28746294,0.28575769,0.28177187,0.27284072,0.27218801,0.27307428,0.26916546,0.26871242,0.26740215,0.27297086,0.27403774,0.27905307,0.28360286,0.29009554,0.28951791,0.28847081,0.28707777,0.2972369,0.29571498,0.28770221,0.29351028,0.29617012,0.29253551,0.29445127,0.2919823,0.29781614,0.29820054,0.2951131,0.30024398,0.29839864,0.30572751,0.3012916,0.30740393,0.30295249,0.30142663,0.30540184,0.30070918,0.29907957,0.29754605,0.29258708,0.29736689,0.29374804,0.29825032,0.30074932,0.3006448,0.2981485,0.2975225,0.307142,0.30266378,0.30513139,0.29819589,0.2999283,0.30060924,0.29622408,0.29939563,0.29585089,0.29765412,0.29264276
VIPDEMO-036,0,sim_PLS_VIP_demo,1,6.7732,0.30704821,0.30854899,0.31391952,0.30806299,0.30468449,0.31306532,0.31081009,0.31288213,0.30754657,0.3047675,0.30429832,0.30248518,0.30712495,0.29759566,0.30170096,0.30406586,0.30399315,0.31724752,0.31235407,0.31398898,0.31605499,0.31111077,0.31635731,0.3193132,0.31664925,0.32651286,0.32588978,0.32981888,0.32922681,0.32719487,0.32557039,0.33185825,0.32998903,0.32870206,0.31987964,0.3290767,0.31755251,0.3156295,0.32016047,0.31423963,0.31999114,0.31762062,0.31290751,0.30928147,0.31556656,0.31707672,0.31211364,0.31620386,0.31301384,0.30999735,0.30953403,0.30479572,0.30289239,0.28748957,0.29055535,0.29631347,0.29829963,0.30350389,0.3045848,0.30935854,0.31101954,0.31006103,0.31353783,0.31803731,0.31635576,0.31520866,0.32271705,0.31554922,0.31813696,0.31274523,0.3173112,0.31479079,0.31157075,0.32180475,0.3158731,0.31719443,0.31898081,0.32201091,0.31705641,0.32176532,0.32039018
VIPDEMO-037,0,sim_PLS_VIP_demo,1,3.822,0.31562971,0.31801241,0.31561411,0.31782924,0.30962859,0.31050879,0.30874517,0.30433657,0.30632793,0.30657572,0.30330193,0.3016568,0.29870581,0.29640773,0.29417155,0.29637836,0.29563943,0.29761207,0.29782514,0.29553882,0.29716688,0.29234654,0.28631746,0.28268886,0.28270927,0.27061669,0.26620676,0.25774562,0.25591186,0.24387009,0.25172838,0.24564851,0.24665223,0.25608165,0.25651265,0.26165813,0.26163423,0.27038302,0.27128012,0.26893654,0.26829983,0.2690361,0.27636215,0.27226447,0.26658464,0.26659781,0.26474119,0.27306458,0.27095443,0.26904628,0.27445663,0.27057268,0.27951526,0.28330279,0.27781287,0.27873183,0.28212842,0.27910888,0.2673446,0.26120378,0.26390472,0.25598091,0.2542869,0.25167709,0.25217977,0.24070464,0.24476219,0.24618055,0.24416158,0.23937284,0.23788063,0.24708122,0.23452898,0.2444312,0.23693136,0.23509735,0.23133909,0.23477897,0.23329203,0.23190387,0.22982724
VIPDEMO-038,0,sim_PLS_VIP_demo,1,7.1195,0.29776324,0.29883497,0.30012029,0.29987783,0.29762831,0.29937511,0.30003773,0.29286532,0.29539409,0.29327222,0.28925895,0.28876771,0.28851257,0.28826471,0.28672667,0.29139532,0.29073662,0.29808305,0.29359216,0.29791072,0.29192323,0.29590409,0.29369624,0.29658443,0.30510782,0.30637545,0.30353488,0.31286974,0.31104526,0.31651445,0.31939886,0.31604263,0.31175573,0.31334505,0.30545846,0.30474891,0.30096228,0.29673366,0.28983602,0.29156865,0.28795872,0.29006852,0.28855283,0.28812561,0.28738607,0.28881463,0.28680277,0.28753776,0.28583686,0.28073066,0.27686868,0.27480542,0.26948679,0.26931481,0.26501849,0.26019749,0.26104512,0.27114746,0.26487807,0.27099963,0.2751106,0.27958912,0.27436525,0.27876059,0.27984393,0.28696538,0.28278137,0.28887245,0.28348186,0.28498712,0.29012886,0.29061356,0.28899629,0.28903496,0.28829173,0.2894702,0.28418522,0.28079702,0.27670029,0.27868088,0.27660489
VIPDEMO-039,0,sim_PLS_VIP_demo,1,6.6616,0.26785492,0.2728541,0.27001184,0.27355882,0.27142223,0.26818326,0.27619502,0.26888131,0.26912344,0.27722439,0.2732995,0.28032664,0.27606694,0.27956513,0.28293269,0.28163557,0.2794765,0.27716275,0.28012459,0.2770018,0.27889424,0.28843265,0.28046339,0.28878392,0.28870642,0.28731008,0.29797277,0.29750238,0.30471397,0.31133794,0.30118742,0.30980159,0.30221515,0.30187448,0.29792218,0.29645544,0.29195722,0.29207763,0.2874621,0.28423871,0.29259826,0.28974542,0.28539435,0.29160078,0.29061571,0.289782,0.28445802,0.28617618,0.29089458,0.28780307,0.28672356,0.27949558,0.27960022,0.27631161,0.2776825,0.28255043,0.27390526,0.28017645,0.28309862,0.28442222,0.27825875,0.2891878,0.29001291,0.29743309,0.2926993,0.29899955,0.29752473,0.29126848,0.29627319,0.30354594,0.30323346,0.30314667,0.31176888,0.30406192,0.30551914,0.30534477,0.30416381,0.29527799,0.30032834,0.30246435,0.30565639
VIPDEMO-040,0,sim_PLS_VIP_demo,1,3.9567,0.27488289,0.26673799,0.27335358,0.27206945,0.27099698,0.27687776,0.27491977,0.27214519,0.27479277,0.27539589,0.27021762,0.27139441,0.27675404,0.26903907,0.27766462,0.27739762,0.27833015,0.28118285,0.28543937,0.28882277,0.28736133,0.28695358,0.28018093,0.27661761,0.28062019,0.27662482,0.27008364,0.26817064,0.26625514,0.26409958,0.25322291,0.25869636,0.26735936,0.26953038,0.27809215,0.27748041,0.28726134,0.29695287,0.29230064,0.29587027,0.29139253,0.30059058,0.30146968,0.3006143,0.30130155,0.30133231,0.30226195,0.30681262,0.31428342,0.30892547,0.31444759,0.31832498,0.32441966,0.3319725,0.33434017,0.33317392,0.33441691,0.33096323,0.32722182,0.32277653,0.32509208,0.31877658,0.31790828,0.32390637,0.31453034,0.32190158,0.32356474,0.32819273,0.3313637,0.3364168,0.34476705,0.34295238,0.34403432,0.33976185,0.34474379,0.34231652,0.33756151,0.3283433,0.32800845,0.3273592,0.32849119
VIPDEMO-041,0,sim_PLS_VIP_demo,1,3.9198,0.28083761,0.27712664,0.28884379,0.28684931,0.28237773,0.28715148,0.2892492,0.29439612,0.29236277,0.30037137,0.3068734,0.30750977,0.31289763,0.31288961,0.30965559,0.31060116,0.29635433,0.30201725,0.29874221,0.30770236,0.30099629,0.2956887,0.29992605,0.29760274,0.29809183,0.29089727,0.29022477,0.27956347,0.2762424,0.27713405,0.27623723,0.27339416,0.28019168,0.29072536,0.29017943,0.30805181,0.30247978,0.31633967,0.31366744,0.32224612,0.32451476,0.32268286,0.32681117,0.32697307,0.32750727,0.32873798,0.33048527,0.33298099,0.33899189,0.34250678,0.34595925,0.34607077,0.36273396,0.36964397,0.37394477,0.37606158,0.37336671,0.37034822,0.36814591,0.36472907,0.35600205,0.35377946,0.35532349,0.34878129,0.35379478,0.3506992,0.35321424,0.35633423,0.35667332,0.36069518,0.36918602,0.36971901,0.37481761,0.37132894,0.37051746,0.36791104,0.36974922,0.36450247,0.36328649,0.36727133,0.36494684
VIPDEMO-042,0,sim_PLS_VIP_demo,1,3.8435,0.33661098,0.34397867,0.34004756,0.3361079,0.33713852,0.33959276,0.33064399,0.33034598,0.32801345,0.31923905,0.31752275,0.31909352,0.31420215,0.31627041,0.31627943,0.31616368,0.31492581,0.31508071,0.3166059,0.30786669,0.31229933,0.30657576,0.31108892,0.30036925,0.2950918,0.28823701,0.27885431,0.27603891,0.26146896,0.26535762,0.25994362,0.26479768,0.26255129,0.26444259,0.27166586,0.27566273,0.27924062,0.28503752,0.28674054,0.2881995,0.28644365,0.28675982,0.28227805,0.2781818,0.28606364,0.28432541,0.28222154,0.28549528,0.28614941,0.28596355,0.28396361,0.29254239,0.29980693,0.30376296,0.30524073,0.30247735,0.303848,0.29983583,0.29455962,0.28314692,0.28283758,0.26818248,0.26366605,0.26456647,0.26390189,0.26309996,0.25908881,0.25482027,0.26159523,0.25484331,0.25819505,0.25127833,0.25413759,0.25568075,0.24646137,0.24426196,0.24907728,0.24561508,0.24195469,0.23620497,0.2365835
VIPDEMO-043,0,sim_PLS_VIP_demo,1,7.0944,0.30055416,0.29789785,0.29510272,0.29737008,0.29530221,0.30154208,0.29654783,0.2973796,0.29811072,0.29522028,0.29655166,0.29562527,0.29420759,0.29661337,0.29467146,0.29815258,0.2979975,0.29916494,0.30279768,0.30010925,0.30195226,0.30124678,0.30479118,0.30625336,0.30627981,0.30793853,0.31551625,0.32676399,0.32537372,0.32497038,0.32262316,0.33162883,0.32184106,0.3160807,0.31551067,0.31575023,0.30876299,0.30307457,0.30224346,0.30190313,0.30505528,0.30129335,0.30288745,0.30352514,0.30738065,0.30075641,0.29794279,0.30422945,0.29571214,0.29822399,0.29138191,0.2918527,0.28061902,0.28591272,0.28389159,0.27961955,0.2801891,0.28745886,0.28801196,0.28831622,0.29532302,0.29844401,0.29941257,0.30160146,0.30164918,0.30038579,0.298853,0.30494571,0.30478923,0.29828938,0.30388578,0.30250224,0.30277148,0.30421164,0.30504866,0.30156074,0.30436006,0.30305367,0.30426245,0.30572997,0.30483802
VIPDEMO-044,0,sim_PLS_VIP_demo,1,6.3216,0.31205164,0.31395273,0.31283353,0.31656848,0.31442212,0.31260043,0.31593783,0.31219141,0.32276378,0.32463245,0.32772938,0.32990553,0.32279464,0.33023696,0.32341138,0.33123372,0.32884026,0.32325878,0.32866966,0.32269912,0.32310729,0.32115182,0.32411745,0.32690162,0.33399746,0.33336264,0.32915549,0.33938332,0.33457568,0.34067872,0.34397635,0.34273601,0.33771791,0.3476638,0.33913566,0.33615055,0.33793895,0.33429242,0.33874311,0.33508382,0.33379549,0.33243179,0.33383546,0.33881758,0.33262274,0.33355009,0.33265256,0.33675651,0.33862477,0.33894074,0.33845404,0.32890938,0.33168144,0.33066799,0.32611491,0.32366221,0.32741228,0.3321981,0.33454302,0.33193043,0.34078505,0.35001473,0.34075074,0.34932891,0.34805698,0.3480782,0.34611476,0.34293762,0.35040178,0.34558545,0.34475142,0.33689623,0.33908494,0.34242354,0.35156423,0.34506429,0.35427758,0.35544491,0.35193096,0.35083987,0.35413674
VIPDEMO-045,0,sim_PLS_VIP_demo,1,4.4041,0.31593793,0.31834574,0.30877264,0.31932444,0.31943153,0.31228616,0.31428305,0.31730311,0.31473146,0.31147521,0.31348888,0.31469509,0.31272128,0.31581447,0.31351369,0.3149585,0.31027077,0.31311278,0.31206174,0.31184504,0.3158133,0.30845115,0.31575092,0.3088371,0.31038166,0.30553714,0.29482883,0.29300893,0.29393652,0.29010031,0.28519931,0.28699607,0.29389232,0.29337414,0.30330384,0.30540242,0.30546746,0.30912956,0.31055367,0.31554896,0.31445987,0.31903876,0.32024127,0.31701593,0.31442581,0.31903635,0.31659275,0.31759872,0.31707175,0.3223201,0.31981778,0.32748766,0.32567853,0.33239643,0.33819274,0.33466108,0.33404413,0.33072998,0.32655088,0.32810863,0.32636765,0.31998009,0.32083676,0.31390742,0.32057524,0.31951643,0.32070397,0.32485939,0.32899173,0.32647928,0.33415691,0.33622353,0.33771344,0.33164929,0.33762817,0.32738805,0.32789914,0.3240887,0.32518562,0.32112085,0.326142
VIPDEMO-046,0,sim_PLS_VIP_demo,1,6.2721,0.31525396,0.32135859,0.31790199,0.32225061,0.3191065,0.31992333,0.31965673,0.32034071,0.31914406,0.32257811,0.3171419,0.31385769,0.32277046,0.31516875,0.31887955,0.31656965,0.31180928,0.31584141,0.32051818,0.31842173,0.31760055,0.31611025,0.31003845,0.31363587,0.31364773,0.31743404,0.31646134,0.31735291,0.31740324,0.31753781,0.31923317,0.31685961,0.3159653,0.31319114,0.32010721,0.30549514,0.31423304,0.31423957,0.31174689,0.30606312,0.30874858,0.30234522,0.31003381,0.30383119,0.30300573,0.29988275,0.30543644,0.30567923,0.2978594,0.30089086,0.29901162,0.3014364,0.29591792,0.29526951,0.29084627,0.29337599,0.29527493,0.29053517,0.28911414,0.29689914,0.29817433,0.29550167,0.29543978,0.29851521,0.29831998,0.30213663,0.29544059,0.28900992,0.28396252,0.27830543,0.2808209,0.26706527,0.26950789,0.27136741,0.28110206,0.28162812,0.28324027,0.28867882,0.28521994,0.28540304,0.28771915
VIPDEMO-047,0,sim_PLS_VIP_demo,1,6.4301,0.34331816,0.33787925,0.33655093,0.34399383,0.34026655,0.33873305,0.33877768,0.34021992,0.3392985,0.33425619,0.32929983,0.33336865,0.33149927,0.32876098,0.33210096,0.33186042,0.32993273,0.33290364,0.33592896,0.33137407,0.33084181,0.33086961,0.3303868,0.33011627,0.33549477,0.33715637,0.33827564,0.33443474,0.33504702,0.33627647,0.33731888,0.32993509,0.32961072,0.32851722,0.32911263,0.32844983,0.32748655,0.32555749,0.32572134,0.32272016,0.32105188,0.32411417,0.32114933,0.32312534,0.32114183,0.32239898,0.31481881,0.31897301,0.32003512,0.31434383,0.31039259,0.30825261,0.30407348,0.3063386,0.29971564,0.30630824,0.29805732,0.30290777,0.30411325,0.30498156,0.3020519,0.31038903,0.30995018,0.30660461,0.30390024,0.30554002,0.30425796,0.31135874,0.30775564,0.3058417,0.30777165,0.30864801,0.30862641,0.30679147,0.30435571,0.30952694,0.30135502,0.2987331,0.30064717,0.30193844,0.29694801
VIPDEMO-048,0,sim_PLS_VIP_demo,1,6.4444,0.28069299,0.28562781,0.28388731,0.28261798,0.28098005,0.28005633,0.28103979,0.27767246,0.28133905,0.27998885,0.28178586,0.2720702,0.27283048,0.27978933,0.27806814,0.27911609,0.28104435,0.28030227,0.28461437,0.28427889,0.28457984,0.28826806,0.28564519,0.29360188,0.29354985,0.29469088,0.29609735,0.29382462,0.30092312,0.30667369,0.30274486,0.29916906,0.30312842,0.30000702,0.30052506,0.29837681,0.28985824,0.28845047,0.2866251,0.29242528,0.29270142,0.29402881,0.29327536,0.29030341,0.29048198,0.29290983,0.29208492,0.29084007,0.29323941,0.29143738,0.28855355,0.29297456,0.28719447,0.29472151,0.28751651,0.28862217,0.29080443,0.28777844,0.28325294,0.2952934,0.29526505,0.28756898,0.29516215,0.29917958,0.29046545,0.29563983,0.29339122,0.29721864,0.29232247,0.28329591,0.28102152,0.28120668,0.2780351,0.2809931,0.29028974,0.2846315,0.29099968,0.30008768,0.30107538,0.29707886,0.29268295
VIPDEMO-049,0,sim_PLS_VIP_demo,1,7.9798,0.2642652,0.26913397,0.26567823,0.26578385,0.27268315,0.27333715,0.26877346,0.27307132,0.27120316,0.26620921,0.27028681,0.26823772,0.27014342,0.26777355,0.26968136,0.26965772,0.27992099,0.27754063,0.27600283,0.27769964,0.27554003,0.28673376,0.28535075,0.2878629,0.29776751,0.30072281,0.3063387,0.31912097,0.32230631,0.33224921,0.33613273,0.3296784,0.3266517,0.33137782,0.31931664,0.31008354,0.30114761,0.29413511,0.29554498,0.29617385,0.29407907,0.30000934,0.28986182,0.2923155,0.29458459,0.29331448,0.29140154,0.29466751,0.29365665,0.2892122,0.28514535,0.28230945,0.28135244,0.27340428,0.2684261,0.26948066,0.27488703,0.2783604,0.27836407,0.29148563,0.29748373,0.29610946,0.29717282,0.30005958,0.30605142,0.30737862,0.31231395,0.31275978,0.31750655,0.32018817,0.32349474,0.31891631,0.3274848,0.32514598,0.3223659,0.32122028,0.31939053,0.31571462,0.31405724,0.31504288,0.31350334
VIPDEMO-050,0,sim_PLS_VIP_demo,1,7.2248,0.28223194,0.28908168,0.28188844,0.28870608,0.28595239,0.28229725,0.282086,0.28879894,0.28502313,0.28846604,0.28772257,0.28591856,0.2873165,0.29052803,0.28937252,0.29286543,0.29252647,0.29326772,0.29468232,0.29087138,0.29733761,0.2972519,0.29206861,0.30669394,0.30992477,0.31636489,0.30901604,0.32568848,0.32406097,0.32919839,0.32608166,0.33297622,0.32789388,0.33064015,0.31992567,0.31788465,0.31829588,0.30954694,0.30505081,0.30953304,0.30463523,0.3054143,0.30852706,0.30886,0.31291697,0.30696994,0.3076664,0.31289353,0.30904465,0.30545196,0.3049925,0.30373073,0.29720754,0.29582089,0.28945808,0.29909458,0.29192356,0.30190446,0.30381561,0.31110596,0.31003153,0.31680047,0.31694569,0.31417355,0.32084067,0.3226,0.31882049,0.32650985,0.32962635,0.32921098,0.33559061,0.33407166,0.33557468,0.3374118,0.33217357,0.33474521,0.33401372,0.33185361,0.32742611,0.32947604,0.33350534
VIPDEMO-051,0,sim_PLS_VIP_demo,1,5.1499,0.28022041,0.27616872,0.28473547,0.27716964,0.28117504,0.28406509,0.27811102,0.27577115,0.27809597,0.2849751,0.28453365,0.2689034,0.27977574,0.28064211,0.27736132,0.28362908,0.29013478,0.28600089,0.29505344,0.29250265,0.29184072,0.29036965,0.29351625,0.29614245,0.2903042,0.28725482,0.28662305,0.28491263,0.28727838,0.28383218,0.28062358,0.28866043,0.28942715,0.29144773,0.29663114,0.30421843,0.30308992,0.3057811,0.30174827,0.30547131,0.30486484,0.31321549,0.30873481,0.31087752,0.31318095,0.31515432,0.31205067,0.31449246,0.32211945,0.31913081,0.32452274,0.32115626,0.32710665,0.33033859,0.33412791,0.32916753,0.32751602,0.33152549,0.32928697,0.32697635,0.32892855,0.3310622,0.32948809,0.33302678,0.32869801,0.32686195,0.33113541,0.33447886,0.32769227,0.33241903,0.33805569,0.33565469,0.34469214,0.33034728,0.33312585,0.33992297,0.33970519,0.33787416,0.33874321,0.33870182,0.33911777
VIPDEMO-052,0,sim_PLS_VIP_demo,1,3.2353,0.29476299,0.28860013,0.28494834,0.29116505,0.28969841,0.29373252,0.29107662,0.28958346,0.29082001,0.29602821,0.29299103,0.30168067,0.29931166,0.29587337,0.29400376,0.29937234,0.2956767,0.29331015,0.29396161,0.29662064,0.29232783,0.29612899,0.29637114,0.28587142,0.28143786,0.28182998,0.26642765,0.26612101,0.24745196,0.24462729,0.2439968,0.25588764,0.25565233,0.26560244,0.26924642,0.2818179,0.28434514,0.29472539,0.29398504,0.3031231,0.30644415,0.30467637,0.30944571,0.30930776,0.30538443,0.3073607,0.31409281,0.30863104,0.31537869,0.31795266,0.32576158,0.33462904,0.33719226,0.34236873,0.34224548,0.34835294,0.34235583,0.34400956,0.33350302,0.3341921,0.3312747,0.32113182,0.31477569,0.32147401,0.3153006,0.31592177,0.31803166,0.31789368,0.32106728,0.326891,0.32263096,0.32554925,0.32558623,0.32675574,0.32164469,0.32452161,0.32832476,0.325929,0.32340294,0.32491468,0.32584838
VIPDEMO-053,0,sim_PLS_VIP_demo,1,4.143,0.26794287,0.25593161,0.2639793,0.26593184,0.26468155,0.26280994,0.26722623,0.27074257,0.25951235,0.2576713,0.26760607,0.26461483,0.26359532,0.26613206,0.2718882,0.2618955,0.26326082,0.27506893,0.26769834,0.2767918,0.26688599,0.26817044,0.26500578,0.26958759,0.26989596,0.26742289,0.26123283,0.25586677,0.25650192,0.24789606,0.254066,0.25699316,0.25961565,0.26021028,0.26277731,0.277632,0.26922073,0.27448455,0.28463111,0.28640212,0.28074553,0.28226108,0.28556465,0.28783022,0.28755463,0.29110127,0.29565133,0.28733445,0.29196189,0.29371159,0.29983767,0.30264884,0.31135503,0.31077759,0.31574565,0.3198928,0.31884721,0.3144701,0.31293756,0.30845922,0.30775403,0.30377815,0.30579001,0.29710294,0.29738239,0.30232465,0.3024144,0.30583136,0.31123785,0.30854116,0.31538371,0.31799456,0.32489361,0.32306197,0.31991994,0.31630419,0.31033134,0.31236427,0.30933377,0.31204142,0.30754623
VIPDEMO-054,0,sim_PLS_VIP_demo,1,3.374,0.31387267,0.31344825,0.31653152,0.31643298,0.31234469,0.31510487,0.30881134,0.3183286,0.30739699,0.31283515,0.31911191,0.3113841,0.31349113,0.31181632,0.31077997,0.31263039,0.30839079,0.30207334,0.31395667,0.30556726,0.30534877,0.30080123,0.29975004,0.29035873,0.29147984,0.28422027,0.27241013,0.26886531,0.26372906,0.26581211,0.2596064,0.25673548,0.26316336,0.27105534,0.27951372,0.28011364,0.2860774,0.28770574,0.29362664,0.29517356,0.29198279,0.29569691,0.2965858,0.29623453,0.29445144,0.2971226,0.29456158,0.29979511,0.29910734,0.30417985,0.30123307,0.31561602,0.31014454,0.31459172,0.32101831,0.32047736,0.32015307,0.31442142,0.30844152,0.30764305,0.29842794,0.28978331,0.29028967,0.29202516,0.29133073,0.28421979,0.28419738,0.28543307,0.28244482,0.2809169,0.27780494,0.2827632,0.28436629,0.27930538,0.28019421,0.28181514,0.27845682,0.28144071,0.28105769,0.27626812,0.27912262
VIPDEMO-055,0,sim_PLS_VIP_demo,1,6.9223,0.28520028,0.28809754,0.28358247,0.2828886,0.28378523,0.28370226,0.28428835,0.29048141,0.28686541,0.28681693,0.29105512,0.29077015,0.28721696,0.29343101,0.28989101,0.2926694,0.29153033,0.28755796,0.29410418,0.29076515,0.29576384,0.29503485,0.29761027,0.29879376,0.30554204,0.30845997,0.30662737,0.31648722,0.32180593,0.32771289,0.32496063,0.32628782,0.32410976,0.32355647,0.31310698,0.31234507,0.3097469,0.30855186,0.30650313,0.30875087,0.31432425,0.30986876,0.3111198,0.31048549,0.31050511,0.31031175,0.30820483,0.30896166,0.30465092,0.30788177,0.31069233,0.30931892,0.30935373,0.30003737,0.30210436,0.29777929,0.29842787,0.30399953,0.31076057,0.31295685,0.3133267,0.31395045,0.31523084,0.32248779,0.32514102,0.32608534,0.32666555,0.32664506,0.33404559,0.33021594,0.32928471,0.3314836,0.33374948,0.32601898,0.33323922,0.33250127,0.33003531,0.33044394,0.33390685,0.3373325,0.33576685
VIPDEMO-056,0,sim_PLS_VIP_demo,1,6.9667,0.32158907,0.32485457,0.31775751,0.3254895,0.32281688,0.32501491,0.32532523,0.32252175,0.31955643,0.32618744,0.32250747,0.31911478,0.31662344,0.32487476,0.32116274,0.31701793,0.31736916,0.32108527,0.31791543,0.32818945,0.32628292,0.32565206,0.32734088,0.32568097,0.32923493,0.33638173,0.33549136,0.33834663,0.34009681,0.34412534,0.34217669,0.34469945,0.34232666,0.33881155,0.33155999,0.32713895,0.32785449,0.32379481,0.3224948,0.32029043,0.31181896,0.31554603,0.31587649,0.31885247,0.31574022,0.31646042,0.31755188,0.31940494,0.31465683,0.31509072,0.31015413,0.30351539,0.30903609,0.30408498,0.29708325,0.29746094,0.30142496,0.29971737,0.30273195,0.30608091,0.30897048,0.30769396,0.31159152,0.3119406,0.31029732,0.31163234,0.31359251,0.30631245,0.30700966,0.30292508,0.3015202,0.29756068,0.29594558,0.29552659,0.3040104,0.3003447,0.30260001,0.30647523,0.30562142,0.31749098,0.30886739
VIPDEMO-057,0,sim_PLS_VIP_demo,1,4.0713,0.31016798,0.3099724,0.30680345,0.31284682,0.30382474,0.30414517,0.31069234,0.31141947,0.31189877,0.31484423,0.30700818,0.30998009,0.31118745,0.31188971,0.30871535,0.30190696,0.30672667,0.29955919,0.30206886,0.29663594,0.30376867,0.29385186,0.29676922,0.28706168,0.28731157,0.28201975,0.27687673,0.26940285,0.27348592,0.26312414,0.26248505,0.26272894,0.26606707,0.27144618,0.27088083,0.2797548,0.2831922,0.28786749,0.28450692,0.28436695,0.28769837,0.2922973,0.29359161,0.29052041,0.29028177,0.28354916,0.28759239,0.28698547,0.28728661,0.29613685,0.29638107,0.30175267,0.31266369,0.30928627,0.30907856,0.31808018,0.30163359,0.30986611,0.3081706,0.29308427,0.2967354,0.28211218,0.28113703,0.284243,0.28049139,0.28123607,0.27490269,0.27552217,0.27176944,0.27269236,0.27286209,0.27253542,0.275144,0.27207765,0.27167457,0.2715012,0.27267425,0.27102983,0.26849864,0.26397451,0.26834911
VIPDEMO-058,0,sim_PLS_VIP_demo,1,7.7424,0.288213,0.28971124,0.29431399,0.28915077,0.28733622,0.29460888,0.29272199,0.29009239,0.29001871,0.29274558,0.29598627,0.29501082,0.29927517,0.29876096,0.3015349,0.2990175,0.29271102,0.29121163,0.29537285,0.29170354,0.29469302,0.29346125,0.29726801,0.30632285,0.30133561,0.30769098,0.3137755,0.32470181,0.33218892,0.32824292,0.32974722,0.33032571,0.32767463,0.32420476,0.31399301,0.31252729,0.31259558,0.30441195,0.29676478,0.30075479,0.29859596,0.30000456,0.29869711,0.29890236,0.29814671,0.30188753,0.29918618,0.29716255,0.29333578,0.29224696,0.28355649,0.28209676,0.27440476,0.27052185,0.26602113,0.26675054,0.26516719,0.26867675,0.27208504,0.28329698,0.28626915,0.29618906,0.29804692,0.30337663,0.29959382,0.29964843,0.30117905,0.29394024,0.29639988,0.29229019,0.28281831,0.27841532,0.27914821,0.28135674,0.2952991,0.29292554,0.29833401,0.29929842,0.30477132,0.30689943,0.30456588
VIPDEMO-059,0,sim_PLS_VIP_demo,1,4.6155,0.32742022,0.33029845,0.32845787,0.32780805,0.32251132,0.32677656,0.32459078,0.31914345,0.31724512,0.31141159,0.31021008,0.31100639,0.30919356,0.30786477,0.31077748,0.31434759,0.30770019,0.31203056,0.31492916,0.32141205,0.31372717,0.31469622,0.30734098,0.30389975,0.30710344,0.30334514,0.29913835,0.29414681,0.28590367,0.288812,0.27806926,0.28335591,0.28891809,0.2877915,0.29608573,0.28986108,0.29420451,0.29787837,0.30351334,0.2985317,0.30239466,0.29585478,0.2988639,0.29399458,0.30356651,0.30127358,0.30270365,0.29672977,0.30064493,0.29873339,0.30269488,0.29905014,0.30334023,0.30440513,0.30343923,0.303938,0.29996057,0.30037917,0.29824947,0.29426731,0.29114966,0.2877128,0.29187099,0.281896,0.28183798,0.28705394,0.27941057,0.27362532,0.27946029,0.27310979,0.26638024,0.26650142,0.2630549,0.26297509,0.2615183,0.2686968,0.2684631,0.2769477,0.27286668,0.2792743,0.27294434
VIPDEMO-060,0,sim_PLS_VIP_demo,1,5.3296,0.32082835,0.31961031,0.32342123,0.32304848,0.32344708,0.32251054,0.32233868,0.32182268,0.32276494,0.32697293,0.32315259,0.32747575,0.32316103,0.32377085,0.32284892,0.31720725,0.32423598,0.32353739,0.32331092,0.32034085,0.32402728,0.32599293,0.31663661,0.31513133,0.31201519,0.31515199,0.30806109,0.31088897,0.30865343,0.31293265,0.30818436,0.3124522,0.31054965,0.31512333,0.31056476,0.31329273,0.31479107,0.31068272,0.32267257,0.31370646,0.3124559,0.31233688,0.32057876,0.31928466,0.31793951,0.31777439,0.31997355,0.31812778,0.31598403,0.31976131,0.32095945,0.31939097,0.31605384,0.31949829,0.31594813,0.31587975,0.31786738,0.31830334,0.31833199,0.32017851,0.31664681,0.31319702,0.31610143,0.31919481,0.31643178,0.31691117,0.31930779,0.31823538,0.31097697,0.31289363,0.31249421,0.30866751,0.3104423,0.31304687,0.31598374,0.31449123,0.3173612,0.31453947,0.31936535,0.31709065,0.31420401
VIPDEMO-061,0,sim_PLS_VIP_demo,1,5.9048,0.32714105,0.32017601,0.32016675,0.32907245,0.32105022,0.3206817,0.32436967,0.32444672,0.32454522,0.32714182,0.32747214,0.33040927,0.33322365,0.32900056,0.3248698,0.32660814,0.32286956,0.32663653,0.32641423,0.32615635,0.31624582,0.31923023,0.32344249,0.32201298,0.32150343,0.31690588,0.31613873,0.31972648,0.31755496,0.31527228,0.31814375,0.31972446,0.32030197,0.32202592,0.32000502,0.3135459,0.31538276,0.31971173,0.32004998,0.3124504,0.31567409,0.32568063,0.31776985,0.31760199,0.31859808,0.31731075,0.31698221,0.31553796,0.32334543,0.3194384,0.3164236,0.31387872,0.31839566,0.31952868,0.31689201,0.3185733,0.31959823,0.31640405,0.31567124,0.31410994,0.31261186,0.31528166,0.31611913,0.31819627,0.31485035,0.31468338,0.31251329,0.31734799,0.31338022,0.30867603,0.31384919,0.31613443,0.31304347,0.30702189,0.30657792,0.31449875,0.31461976,0.31295521,0.3163967,0.31567013,0.31944693
VIPDEMO-062,0,sim_PLS_VIP_demo,1,7.9899,0.25580338,0.25912425,0.26104001,0.25704029,0.25702919,0.26175735,0.2613641,0.26134609,0.26075911,0.26286772,0.25650291,0.2591109,0.24927559,0.25797795,0.26372378,0.26642564,0.26488881,0.27339234,0.27894702,0.27617671,0.27801939,0.28347991,0.28661724,0.28715467,0.29901135,0.30586521,0.30773077,0.31744062,0.32337494,0.3219563,0.32630543,0.32708932,0.32348432,0.32595173,0.31577411,0.30978066,0.30512909,0.30501921,0.29696513,0.29952804,0.29203549,0.29622561,0.29774786,0.3018838,0.29897896,0.2956375,0.30395521,0.30175766,0.29636259,0.29615017,0.29868886,0.29097307,0.28377293,0.28571268,0.28118656,0.28552054,0.28620727,0.2859583,0.29345421,0.30761824,0.30221206,0.30733918,0.31632052,0.31795626,0.31865177,0.32212507,0.31546577,0.31762112,0.32587962,0.32581125,0.32998294,0.33201491,0.32787006,0.33155437,0.33294164,0.33355884,0.33347209,0.32915705,0.33431376,0.33099045,0.32676035
VIPDEMO-063,0,sim_PLS_VIP_demo,1,7.4844,0.30515626,0.30777183,0.30775319,0.30581734,0.30586135,0.31007683,0.30647743,0.30187166,0.30197985,0.30270136,0.2989265,0.29594305,0.30116961,0.29562274,0.29599419,0.29922772,0.30054428,0.30196018,0.30101772,0.30078845,0.30482784,0.30718802,0.31284105,0.31415524,0.31332393,0.32244461,0.32455522,0.3317273,0.33530313,0.33929098,0.34296275,0.33830289,0.33505545,0.33405881,0.31469932,0.31254778,0.31800655,0.31223669,0.30321483,0.30237601,0.29764971,0.29816678,0.29875379,0.29987305,0.29438106,0.29485292,0.29930159,0.29455234,0.29670232,0.29272601,0.27994413,0.28445692,0.27384075,0.27127637,0.26035793,0.26256468,0.26562442,0.27407599,0.27663588,0.27427128,0.28355328,0.28588497,0.29364969,0.28660929,0.28822976,0.2882664,0.28837732,0.28544746,0.29121119,0.2776514,0.27913428,0.2721259,0.27460836,0.26821955,0.27386811,0.28099703,0.28061798,0.282843,0.28755009,0.28596365,0.28660708
VIPDEMO-064,0,sim_PLS_VIP_demo,1,3.7216,0.29986774,0.29636163,0.29846166,0.29732612,0.29807933,0.30087554,0.29996699,0.29880352,0.2917497,0.29549583,0.29092067,0.29034084,0.29386716,0.29264518,0.28884685,0.29272619,0.29232261,0.29372288,0.29614302,0.29629962,0.29101628,0.29286464,0.28296642,0.28600457,0.28365774,0.26855438,0.26808673,0.26042844,0.2564931,0.25269403,0.24631868,0.24933564,0.25362975,0.25655404,0.26231263,0.26827557,0.27792263,0.28499538,0.28003338,0.28619952,0.28425572,0.28712944,0.28552292,0.2889632,0.27939779,0.28097798,0.28984758,0.29247267,0.28455651,0.28797919,0.29458181,0.30316167,0.30274503,0.30866796,0.31340569,0.31117551,0.31327889,0.30530755,0.30183001,0.29703857,0.29804257,0.28801415,0.28227044,0.28821544,0.27925061,0.27955619,0.27827964,0.27944706,0.27642785,0.27327119,0.26378665,0.26096478,0.2693064,0.26735151,0.26378839,0.26621811,0.27032218,0.27333695,0.27765619,0.27196178,0.27949417
VIPDEMO-065,0,sim_PLS_VIP_demo,1,7.4674,0.31872108,0.31577382,0.32072514,0.31877241,0.32145495,0.31961673,0.31869735,0.32120871,0.31734719,0.31922145,0.31743999,0.31518058,0.31638601,0.32047974,0.31590068,0.31703162,0.31748114,0.31469032,0.31063427,0.31807331,0.32210002,0.31789508,0.31809021,0.32212996,0.31925895,0.3284842,0.33235304,0.33782334,0.33932653,0.34316322,0.33679558,0.34302074,0.34016561,0.33468859,0.330023,0.3299104,0.3237186,0.3128892,0.31384856,0.31219,0.30647575,0.3127854,0.30546734,0.30953121,0.30455693,0.31019813,0.30193079,0.30317847,0.30271945,0.30060678,0.29608206,0.29696285,0.28481768,0.28499897,0.27948728,0.27731991,0.2821024,0.28552306,0.28507207,0.29344885,0.29177249,0.29725745,0.29709575,0.30381699,0.30105392,0.29965562,0.29871131,0.29832608,0.29670384,0.28956398,0.28517985,0.28370089,0.2834061,0.28248592,0.27465785,0.29108557,0.2961582,0.29973727,0.29069088,0.29734392,0.29947511
VIPDEMO-066,0,sim_PLS_VIP_demo,1,4.016,0.27455035,0.26921336,0.27019044,0.27020931,0.27098142,0.27084235,0.27295383,0.2761944,0.2731298,0.28383772,0.29040936,0.29362215,0.29395874,0.2880623,0.2836888,0.28055199,0.28256008,0.27394224,0.26801785,0.27098064,0.26477804,0.26608594,0.2648635,0.26084858,0.25821479,0.25496614,0.24642099,0.24003211,0.23902107,0.23454251,0.23212424,0.23522711,0.23616419,0.23830151,0.24945358,0.24990007,0.2531651,0.25857558,0.25647472,0.25835629,0.26418228,0.26447769,0.26046623,0.26466286,0.2669648,0.26025642,0.26192926,0.26587793,0.26823966,0.26626625,0.2687369,0.27635535,0.27871308,0.28019329,0.28371201,0.2871294,0.29421879,0.27752479,0.27797854,0.27634073,0.27050489,0.26504724,0.25847962,0.26109536,0.26195534,0.26114578,0.25636729,0.25699581,0.25566577,0.25399847,0.25452424,0.2516393,0.24962462,0.25077056,0.25189686,0.25414127,0.2516186,0.25541866,0.25799333,0.25254035,0.25669682
VIPDEMO-067,0,sim_PLS_VIP_demo,1,7.015,0.31922088,0.32368122,0.32145471,0.32424105,0.32265342,0.3182139,0.32490785,0.31836028,0.32605852,0.31886074,0.31642901,0.31684782,0.32307298,0.31976617,0.32196985,0.3156244,0.32332113,0.32276131,0.32705062,0.31958229,0.33013485,0.33033555,0.33161197,0.32995901,0.33257878,0.3404932,0.33684312,0.34514193,0.35057269,0.35051658,0.349583,0.35251211,0.35513399,0.34209333,0.34218301,0.33620792,0.33480097,0.33249401,0.32991778,0.33337007,0.33079345,0.33257843,0.32446164,0.325769,0.32984134,0.32293506,0.33001021,0.33145262,0.32642032,0.32527119,0.32636285,0.32492494,0.31831624,0.31936028,0.31160317,0.31336242,0.31383904,0.31929542,0.31951084,0.31971637,0.3183049,0.32638537,0.32788163,0.32285249,0.32989525,0.33192518,0.33019061,0.33412176,0.33451357,0.33774052,0.33883485,0.33333921,0.33946283,0.3382006,0.33401249,0.33084311,0.33306633,0.33249386,0.33148583,0.33081694,0.33568845
VIPDEMO-068,0,sim_PLS_VIP_demo,1,6.3574,0.33125934,0.33993793,0.32972608,0.32905283,0.3244485,0.32620273,0.33364231,0.33205446,0.33192417,0.3301219,0.33713695,0.33607917,0.33903787,0.33570659,0.33375295,0.33166225,0.33185435,0.32686397,0.32628779,0.32456133,0.32622393,0.32361094,0.32585193,0.31966605,0.32826385,0.33343219,0.33011696,0.33536876,0.3344559,0.33533355,0.33746158,0.33868156,0.33375643,0.32764091,0.33052421,0.32423646,0.3289123,0.32285411,0.32250336,0.32175799,0.31226803,0.31837107,0.31843043,0.31888687,0.31438391,0.31555501,0.31393786,0.31888308,0.31569922,0.31352933,0.31281933,0.30753878,0.3019305,0.30450123,0.30615332,0.30616351,0.30897574,0.30132108,0.30201689,0.30962886,0.30605725,0.3121773,0.31203273,0.31133094,0.30991345,0.31047014,0.30449662,0.30963809,0.30451894,0.30626681,0.30450914,0.30317496,0.3014085,0.30637818,0.30741638,0.30706598,0.30309567,0.30351857,0.30567572,0.30404378,0.31063966
VIPDEMO-069,0,sim_PLS_VIP_demo,1,3.758,0.29778574,0.29902021,0.30200754,0.30678232,0.30102378,0.29818264,0.29766616,0.29502028,0.29526119,0.2940312,0.297769,0.29513375,0.29555754,0.29006664,0.29630069,0.29685643,0.30060724,0.30004798,0.29872499,0.29602877,0.30234988,0.30053388,0.2970916,0.28523577,0.29153263,0.28475739,0.27698515,0.28319461,0.27262102,0.26987368,0.26830853,0.26626686,0.27451261,0.27518472,0.27543082,0.28368118,0.28980431,0.29129306,0.29405955,0.2957074,0.29689661,0.29981486,0.2998651,0.30324057,0.30023243,0.30411914,0.30323595,0.30265362,0.30659622,0.30436644,0.31250302,0.3143065,0.32063609,0.31946774,0.32508701,0.32674595,0.32645709,0.32123813,0.32407911,0.31547601,0.3091578,0.30305011,0.30034606,0.30202427,0.30445994,0.29953881,0.29700282,0.29958971,0.2910449,0.29855094,0.29142111,0.28959383,0.28288347,0.28745307,0.2902391,0.29013671,0.29054105,0.3022245,0.30326783,0.29957747,0.29952707
VIPDEMO-070,0,sim_PLS_VIP_demo,1,3.2678,0.3401329,0.34908062,0.34197668,0.34604788,0.34167656,0.34652191,0.34555179,0.34871417,0.34004387,0.33685434,0.33879438,0.33928751,0.3411514,0.34365538,0.33430089,0.33760084,0.33969867,0.32873493,0.33087124,0.32698056,0.33117518,0.32800747,0.31718621,0.320511,0.31020289,0.30270837,0.29548215,0.28178425,0.27322559,0.27047727,0.26540266,0.26434744,0.27339812,0.27415885,0.28103233,0.2900407,0.296298,0.31053821,0.31066361,0.30920869,0.31238689,0.32129275,0.31402615,0.31149258,0.31259354,0.31093828,0.31040707,0.3117018,0.31498782,0.31721267,0.32349225,0.32720407,0.33242707,0.33597637,0.3458572,0.34121767,0.33721029,0.33980927,0.32916705,0.31999535,0.31271778,0.31026821,0.30255584,0.30138216,0.30204066,0.29997366,0.29619157,0.29595077,0.29382738,0.2950048,0.29382376,0.29672896,0.29108635,0.29578019,0.29183808,0.29656642,0.29117489,0.29290441,0.28902719,0.28807988,0.29331939
VIPDEMO-071,0,sim_PLS_VIP_demo,1,7.6471,0.31283207,0.31293094,0.31168117,0.31225733,0.30939021,0.31186056,0.31250235,0.30968354,0.31033906,0.30588764,0.31238932,0.30690504,0.30295224,0.30430944,0.30749069,0.30417544,0.30726566,0.30831434,0.30020222,0.30269024,0.30241872,0.30869683,0.30713845,0.3145913,0.30784755,0.31857601,0.31959792,0.3214847,0.33606536,0.33206459,0.33345125,0.330546,0.32934135,0.32573526,0.31649487,0.30885766,0.30971916,0.30129515,0.30091488,0.29686253,0.29404758,0.2943214,0.29254038,0.29426468,0.28758853,0.29574808,0.29179795,0.29032824,0.28441413,0.27881969,0.27912367,0.27228043,0.26959119,0.26389824,0.26064321,0.26623536,0.25972068,0.26164551,0.26941024,0.2698213,0.26817076,0.27912364,0.27783594,0.27917482,0.28211865,0.28365591,0.27773921,0.28426589,0.27469135,0.2902306,0.28543646,0.29219697,0.28473893,0.28549154,0.29264776,0.28338492,0.27808938,0.27624986,0.27375487,0.27569271,0.2756285
VIPDEMO-072,0,sim_PLS_VIP_demo,1,3.0245,0.26870695,0.27433959,0.2704711,0.27538608,0.27560046,0.26320809,0.27528071,0.27053054,0.26751192,0.26273745,0.26924883,0.26897234,0.27043198,0.26915215,0.27616747,0.27265037,0.27469562,0.26979285,0.27856734,0.27065009,0.27307703,0.26947623,0.27404999,0.25871049,0.25380087,0.24744363,0.23798442,0.23265962,0.22564734,0.21652128,0.21528476,0.21906407,0.22587119,0.23580433,0.24361269,0.25038336,0.25859412,0.26952023,0.2732721,0.27910852,0.27471647,0.27577702,0.27912398,0.28283358,0.27539453,0.28374715,0.28336879,0.28388718,0.28551923,0.28911066,0.29056441,0.2952264,0.30382088,0.31036117,0.31488523,0.31458011,0.30782377,0.30885799,0.30609901,0.30041146,0.29473911,0.2902459,0.28458401,0.28679186,0.27892602,0.2782417,0.28578622,0.28230556,0.27569671,0.27940049,0.26964112,0.26822207,0.26549717,0.2677949,0.27180494,0.27606516,0.27871989,0.28195142,0.2868675,0.28626667,0.28314808
VIPDEMO-073,0,sim_PLS_VIP_demo,1,3.7383,0.25616044,0.25182408,0.2582739,0.2566322,0.25637214,0.25538349,0.2589686,0.25387802,0.25858554,0.26500635,0.26152775,0.25099768,0.2551949,0.25579307,0.25848165,0.26376235,0.26424593,0.26891446,0.2693485,0.272192,0.27630541,0.27072165,0.274585,0.2699845,0.27039092,0.26381822,0.26301129,0.25508455,0.25071838,0.2421815,0.24894868,0.2528016,0.25517476,0.26031165,0.27171965,0.27672015,0.28190479,0.2830969,0.29319308,0.29350448,0.29684979,0.30104638,0.30078417,0.30299695,0.30528172,0.30011525,0.30484062,0.31149715,0.31145604,0.31638344,0.31891315,0.32602095,0.32485048,0.33856738,0.33820654,0.34947449,0.34231361,0.33895381,0.3450917,0.33102723,0.33475356,0.32807816,0.32868222,0.32801001,0.32328393,0.32692017,0.33058162,0.32428981,0.32497184,0.32125542,0.32267218,0.33099667,0.32694318,0.33770975,0.33387509,0.32878535,0.33713459,0.33323496,0.34214143,0.34153648,0.34516211
VIPDEMO-074,0,sim_PLS_VIP_demo,1,7.8725,0.31351792,0.30822483,0.31482965,0.31478986,0.30639002,0.31072129,0.30904087,0.30880346,0.3087755,0.30610927,0.31083407,0.30499268,0.30943495,0.30943301,0.31242129,0.30469992,0.31342794,0.30223769,0.30451764,0.30860729,0.30761831,0.30676887,0.31106161,0.3168706,0.31981148,0.32283242,0.32894966,0.33322566,0.34679576,0.33714886,0.33924078,0.34104191,0.33824302,0.33571566,0.32831094,0.31565543,0.3121091,0.30883666,0.31005568,0.30836517,0.30674917,0.30799809,0.29692242,0.30756303,0.30206757,0.29799911,0.30022662,0.29765369,0.30050066,0.29653643,0.28125577,0.28673491,0.28011584,0.28001373,0.27470196,0.27291714,0.2683587,0.27389957,0.27603619,0.28654757,0.28303655,0.29148912,0.29385917,0.29388191,0.298745,0.29591522,0.29264843,0.29670148,0.29025426,0.29714065,0.29145111,0.29665654,0.29074885,0.28867811,0.2989535,0.29047084,0.29569017,0.29463981,0.28955532,0.29537107,0.29829579
VIPDEMO-075,0,sim_PLS_VIP_demo,1,6.4849,0.33228243,0.33971286,0.33020523,0.32933037,0.33422209,0.32987004,0.33033524,0.33098309,0.32154895,0.32182736,0.31913014,0.3184873,0.31432397,0.31316497,0.31316239,0.31236137,0.31984509,0.31915401,0.32312671,0.32539647,0.32545154,0.32070905,0.32049861,0.31330855,0.32317174,0.32435615,0.32471852,0.32470044,0.33527893,0.33222213,0.32905,0.32219018,0.32123094,0.32168302,0.31727572,0.31445269,0.30784578,0.31048929,0.31132551,0.303099,0.30334156,0.30440878,0.29950113,0.30225103,0.29911436,0.30200458,0.29837891,0.30761764,0.29407105,0.29572603,0.2909658,0.28650771,0.28559496,0.28239334,0.27554198,0.27837208,0.27513501,0.26725242,0.27664632,0.27954723,0.28263638,0.28026816,0.28676941,0.2867909,0.27786474,0.28240775,0.2806201,0.28147771,0.27171211,0.27185682,0.26174483,0.26614523,0.26112446,0.25658085,0.26252242,0.26449245,0.26528579,0.26723233,0.27290492,0.27056816,0.27060912
VIPDEMO-076,0,sim_PLS_VIP_demo,1,5.8209,0.27934542,0.28012479,0.28577514,0.28156509,0.28321883,0.28896348,0.27979073,0.28945187,0.29023911,0.29467777,0.29174051,0.2931292,0.29236744,0.29755863,0.29769473,0.28789191,0.29285304,0.2887149,0.28627483,0.2860957,0.29065478,0.28576221,0.28360054,0.29131465,0.29049351,0.29699001,0.29768786,0.29264222,0.29714285,0.29639012,0.29388711,0.29525977,0.29815039,0.30123889,0.29984906,0.29446026,0.29667276,0.29776918,0.29603533,0.29720672,0.29602984,0.29510707,0.29819402,0.29895304,0.29871706,0.29724611,0.29942276,0.2987767,0.29533849,0.2993778,0.29955977,0.29555847,0.29954773,0.30030036,0.30178806,0.29910822,0.3011001,0.29645287,0.29787502,0.30615897,0.29960833,0.30189336,0.30461516,0.30451556,0.3049903,0.3059415,0.31094787,0.30853137,0.31311032,0.31624418,0.31404792,0.31580331,0.31413121,0.31317743,0.3160874,0.31467493,0.31597877,0.30727276,0.31262198,0.31231422,0.31456097
VIPDEMO-077,0,sim_PLS_VIP_demo,1,5.2683,0.29649672,0.29616961,0.28915101,0.29128795,0.29541939,0.29369702,0.29673575,0.29432954,0.29829666,0.30108267,0.29655298,0.29460793,0.3034346,0.30151365,0.30118471,0.29302696,0.29100775,0.29915372,0.29352584,0.29610901,0.29392539,0.29743377,0.29192893,0.2879572,0.29410825,0.29464873,0.28480777,0.29262437,0.29032942,0.29014782,0.28821947,0.28475156,0.29044218,0.29134736,0.29697388,0.29136771,0.29238077,0.29439573,0.29700139,0.29618207,0.29468318,0.30224711,0.29522305,0.2962038,0.29444808,0.29838194,0.30038909,0.30629183,0.29636009,0.30641611,0.30237318,0.29931286,0.30471441,0.30602937,0.30622016,0.30769701,0.30726886,0.3057882,0.30202242,0.30658578,0.30232785,0.30557746,0.29908682,0.30321533,0.29776285,0.29848557,0.29880114,0.30490175,0.2951871,0.29756724,0.29186985,0.29995919,0.29840206,0.29549231,0.29496176,0.29867886,0.30065277,0.29966462,0.2961685,0.29802654,0.30574721
VIPDEMO-078,0,sim_PLS_VIP_demo,1,5.8613,0.28532549,0.28127297,0.27739173,0.28804973,0.28058628,0.28332505,0.29091505,0.28521924,0.29581255,0.29127904,0.29899178,0.3032764,0.2997595,0.30023909,0.30193825,0.29759805,0.29550291,0.29127184,0.2953304,0.2923224,0.29283391,0.29768827,0.29086844,0.29472205,0.29409409,0.29733196,0.29723894,0.30253107,0.30489459,0.30735144,0.30016558,0.30377534,0.30715106,0.30642936,0.30742834,0.30831782,0.30484435,0.30569474,0.30679312,0.30185757,0.29533666,0.30094944,0.30925683,0.30094388,0.30255459,0.3057303,0.30836614,0.30822465,0.31075307,0.31259874,0.31154091,0.31211639,0.30627589,0.31036961,0.31371553,0.31201792,0.31721435,0.31148414,0.31021388,0.31057011,0.315518,0.31227261,0.31537462,0.31956857,0.317297,0.3197911,0.32139204,0.3201638,0.32088226,0.31668909,0.32253961,0.32645016,0.32510535,0.32442872,0.32715385,0.32568966,0.32427032,0.32604146,0.3309883,0.32833735,0.3268776
VIPDEMO-079,0,sim_PLS_VIP_demo,1,5.3138,0.29551553,0.29534601,0.2953109,0.29295722,0.29106391,0.29328291,0.2945988,0.29666383,0.29981655,0.30167645,0.29405217,0.30127066,0.30032192,0.30216868,0.30057328,0.30173372,0.29784703,0.29685415,0.30050476,0.29673524,0.30138519,0.29980585,0.29516657,0.29939419,0.29213719,0.29288712,0.28943398,0.28523347,0.28679254,0.29139171,0.28725533,0.28338263,0.29270114,0.29018279,0.28638965,0.2935293,0.29362849,0.28827746,0.2949332,0.29144902,0.29736143,0.29520384,0.3004868,0.29856498,0.3028179,0.29853844,0.30286763,0.29648554,0.30235773,0.29821757,0.30308442,0.30868172,0.3057724,0.30789872,0.30688458,0.3034604,0.30997957,0.30979611,0.30855135,0.30681414,0.30373299,0.3008439,0.30528326,0.30278124,0.30299793,0.30365264,0.30107408,0.305851,0.30127239,0.30612757,0.31013493,0.31167592,0.30988355,0.3067023,0.30586955,0.30809851,0.30786365,0.30363794,0.29948341,0.29956826,0.29786631
