food_key,name_zh,db,dataset,id,name,match,n_factor,nutrient,value,unit,n,sd,min,max,median,derivation
whole_milk_powder,全脂奶粉,USDA,SR Legacy,170876,"Milk, dry, whole, with added vitamin D",exact,6.38,water,2.47,g,25,,,,,
whole_milk_powder,全脂奶粉,USDA,SR Legacy,170876,"Milk, dry, whole, with added vitamin D",exact,6.38,protein,26.32,g,22,,,,,
whole_milk_powder,全脂奶粉,USDA,SR Legacy,170876,"Milk, dry, whole, with added vitamin D",exact,6.38,fat,26.71,g,30,,,,,
whole_milk_powder,全脂奶粉,USDA,SR Legacy,170876,"Milk, dry, whole, with added vitamin D",exact,6.38,ash,6.08,g,20,,,,,
whole_milk_powder,全脂奶粉,USDA,SR Legacy,170876,"Milk, dry, whole, with added vitamin D",exact,6.38,carbohydrate,38.42,g,0,,,,,NC: Calculated
whole_milk_powder,全脂奶粉,USDA,SR Legacy,170876,"Milk, dry, whole, with added vitamin D",exact,6.38,sugars_total,38.42,g,0,,,,,"NR: Nutrient that is based on other nutrient/s; value used directly, ex. Nut.#204 from Nut.#298"
whole_milk_powder,全脂奶粉,USDA,SR Legacy,170876,"Milk, dry, whole, with added vitamin D",exact,6.38,sodium,371.0,mg,7,,,,,
whole_milk_powder,全脂奶粉,USDA,SR Legacy,173454,"Milk, dry, whole, without added vitamin D",exact,6.38,water,2.47,g,25,,,,,
whole_milk_powder,全脂奶粉,USDA,SR Legacy,173454,"Milk, dry, whole, without added vitamin D",exact,6.38,protein,26.32,g,22,,,,,
whole_milk_powder,全脂奶粉,USDA,SR Legacy,173454,"Milk, dry, whole, without added vitamin D",exact,6.38,fat,26.71,g,30,,,,,
whole_milk_powder,全脂奶粉,USDA,SR Legacy,173454,"Milk, dry, whole, without added vitamin D",exact,6.38,ash,6.08,g,20,,,,,
whole_milk_powder,全脂奶粉,USDA,SR Legacy,173454,"Milk, dry, whole, without added vitamin D",exact,6.38,carbohydrate,38.42,g,0,,,,,NC: Calculated
whole_milk_powder,全脂奶粉,USDA,SR Legacy,173454,"Milk, dry, whole, without added vitamin D",exact,6.38,sugars_total,38.42,g,0,,,,,"NR: Nutrient that is based on other nutrient/s; value used directly, ex. Nut.#204 from Nut.#298"
whole_milk_powder,全脂奶粉,USDA,SR Legacy,173454,"Milk, dry, whole, without added vitamin D",exact,6.38,sodium,371.0,mg,7,,,,,
whole_milk_powder,全脂奶粉,TFND,食品營養成分資料集,L0200101,全脂奶粉,exact,,water,2.8,g,2,0.1,,,,
whole_milk_powder,全脂奶粉,TFND,食品營養成分資料集,L0200101,全脂奶粉,exact,,protein,26.4,g,2,0.3,,,,
whole_milk_powder,全脂奶粉,TFND,食品營養成分資料集,L0200101,全脂奶粉,exact,,fat,28.2,g,2,0.6,,,,
whole_milk_powder,全脂奶粉,TFND,食品營養成分資料集,L0200101,全脂奶粉,exact,,ash,5.6,g,2,0.0,,,,
whole_milk_powder,全脂奶粉,TFND,食品營養成分資料集,L0200101,全脂奶粉,exact,,carbohydrate,37.0,g,,,,,,
whole_milk_powder,全脂奶粉,TFND,食品營養成分資料集,L0200101,全脂奶粉,exact,,sugars_total,36.4,g,,,,,,
whole_milk_powder,全脂奶粉,TFND,食品營養成分資料集,L0200101,全脂奶粉,exact,,sodium,337.0,mg,2,70.0,,,,
nonfat_milk_powder,脫脂奶粉,USDA,SR Legacy,170877,"Milk, dry, nonfat, regular, without added vitamin A and vitamin D",exact,6.38,water,3.16,g,382,,,,,
nonfat_milk_powder,脫脂奶粉,USDA,SR Legacy,170877,"Milk, dry, nonfat, regular, without added vitamin A and vitamin D",exact,6.38,protein,36.16,g,183,,,,,
nonfat_milk_powder,脫脂奶粉,USDA,SR Legacy,170877,"Milk, dry, nonfat, regular, without added vitamin A and vitamin D",exact,6.38,fat,0.77,g,351,,,,,
nonfat_milk_powder,脫脂奶粉,USDA,SR Legacy,170877,"Milk, dry, nonfat, regular, without added vitamin A and vitamin D",exact,6.38,ash,7.93,g,104,,,,,
nonfat_milk_powder,脫脂奶粉,USDA,SR Legacy,170877,"Milk, dry, nonfat, regular, without added vitamin A and vitamin D",exact,6.38,carbohydrate,51.98,g,0,,,,,NC: Calculated
nonfat_milk_powder,脫脂奶粉,USDA,SR Legacy,170877,"Milk, dry, nonfat, regular, without added vitamin A and vitamin D",exact,6.38,sugars_total,51.98,g,0,,,,,"NR: Nutrient that is based on other nutrient/s; value used directly, ex. Nut.#204 from Nut.#298"
nonfat_milk_powder,脫脂奶粉,USDA,SR Legacy,170877,"Milk, dry, nonfat, regular, without added vitamin A and vitamin D",exact,6.38,sodium,535.0,mg,6,,,,,
nonfat_milk_powder,脫脂奶粉,TFND,食品營養成分資料集,L0207101,脫脂奶粉,exact,,water,4.0,g,1,,,,,
nonfat_milk_powder,脫脂奶粉,TFND,食品營養成分資料集,L0207101,脫脂奶粉,exact,,protein,36.2,g,1,,,,,
nonfat_milk_powder,脫脂奶粉,TFND,食品營養成分資料集,L0207101,脫脂奶粉,exact,,fat,0.9,g,1,,,,,
nonfat_milk_powder,脫脂奶粉,TFND,食品營養成分資料集,L0207101,脫脂奶粉,exact,,ash,7.7,g,1,,,,,
nonfat_milk_powder,脫脂奶粉,TFND,食品營養成分資料集,L0207101,脫脂奶粉,exact,,carbohydrate,51.2,g,,,,,,
nonfat_milk_powder,脫脂奶粉,TFND,食品營養成分資料集,L0207101,脫脂奶粉,exact,,sugars_total,36.6,g,,,,,,
nonfat_milk_powder,脫脂奶粉,TFND,食品營養成分資料集,L0207101,脫脂奶粉,exact,,sodium,338.0,mg,1,,,,,
soy_sauce,醬油,USDA,SR Legacy,174277,Soy sauce made from soy and wheat (shoyu),exact,6.25,water,71.15,g,6,,71.05,71.26,,A: Analytical
soy_sauce,醬油,USDA,SR Legacy,174277,Soy sauce made from soy and wheat (shoyu),exact,6.25,protein,8.14,g,6,,8.05,8.22,,A: Analytical
soy_sauce,醬油,USDA,SR Legacy,174277,Soy sauce made from soy and wheat (shoyu),exact,6.25,fat,0.57,g,6,,0.44,0.69,,A: Analytical
soy_sauce,醬油,USDA,SR Legacy,174277,Soy sauce made from soy and wheat (shoyu),exact,6.25,ash,15.21,g,6,,15.17,15.28,,A: Analytical
soy_sauce,醬油,USDA,SR Legacy,174277,Soy sauce made from soy and wheat (shoyu),exact,6.25,carbohydrate,4.93,g,0,,,,,NC: Calculated
soy_sauce,醬油,USDA,SR Legacy,174277,Soy sauce made from soy and wheat (shoyu),exact,6.25,sugars_total,0.4,g,0,,,,,
soy_sauce,醬油,USDA,SR Legacy,174277,Soy sauce made from soy and wheat (shoyu),exact,6.25,sodium,5493.0,mg,6,,5390.0,5660.0,,A: Analytical
soy_sauce,醬油,TFND,食品營養成分資料集,P0700101,醬油,exact,,water,67.0,g,2,2.6,,,,
soy_sauce,醬油,TFND,食品營養成分資料集,P0700101,醬油,exact,,protein,7.8,g,2,0.0,,,,
soy_sauce,醬油,TFND,食品營養成分資料集,P0700101,醬油,exact,,ash,10.4,g,2,2.9,,,,
soy_sauce,醬油,TFND,食品營養成分資料集,P0700101,醬油,exact,,carbohydrate,14.7,g,,,,,,
soy_sauce,醬油,TFND,食品營養成分資料集,P0700101,醬油,exact,,sodium,4997.0,mg,2,123.0,,,,
soy_sauce_low_sodium,薄鹽醬油（低鈉）,USDA,SR Legacy,172473,"Soy sauce made from soy and wheat (shoyu), low sodium",exact,6.25,water,75.14,g,6,,74.96,75.33,,A: Analytical
soy_sauce_low_sodium,薄鹽醬油（低鈉）,USDA,SR Legacy,172473,"Soy sauce made from soy and wheat (shoyu), low sodium",exact,6.25,protein,9.05,g,6,,8.56,9.44,,A: Analytical
soy_sauce_low_sodium,薄鹽醬油（低鈉）,USDA,SR Legacy,172473,"Soy sauce made from soy and wheat (shoyu), low sodium",exact,6.25,fat,0.3,g,6,,0.2,0.36,,A: Analytical
soy_sauce_low_sodium,薄鹽醬油（低鈉）,USDA,SR Legacy,172473,"Soy sauce made from soy and wheat (shoyu), low sodium",exact,6.25,ash,9.92,g,6,,9.86,9.96,,A: Analytical
soy_sauce_low_sodium,薄鹽醬油（低鈉）,USDA,SR Legacy,172473,"Soy sauce made from soy and wheat (shoyu), low sodium",exact,6.25,carbohydrate,5.59,g,0,,,,,NC: Calculated
soy_sauce_low_sodium,薄鹽醬油（低鈉）,USDA,SR Legacy,172473,"Soy sauce made from soy and wheat (shoyu), low sodium",exact,6.25,sugars_total,0.5,g,3,,0.5,0.5,,A: Analytical
soy_sauce_low_sodium,薄鹽醬油（低鈉）,USDA,SR Legacy,172473,"Soy sauce made from soy and wheat (shoyu), low sodium",exact,6.25,sodium,3598.0,mg,6,,3570.0,3630.0,,A: Analytical
soy_sauce_low_sodium,薄鹽醬油（低鈉）,TFND,食品營養成分資料集,P0700501,薄鹽醬油(低鈉),exact,,water,71.4,g,1,,,,,
soy_sauce_low_sodium,薄鹽醬油（低鈉）,TFND,食品營養成分資料集,P0700501,薄鹽醬油(低鈉),exact,,protein,7.4,g,1,,,,,
soy_sauce_low_sodium,薄鹽醬油（低鈉）,TFND,食品營養成分資料集,P0700501,薄鹽醬油(低鈉),exact,,ash,9.2,g,1,,,,,
soy_sauce_low_sodium,薄鹽醬油（低鈉）,TFND,食品營養成分資料集,P0700501,薄鹽醬油(低鈉),exact,,carbohydrate,11.9,g,,,,,,
soy_sauce_low_sodium,薄鹽醬油（低鈉）,TFND,食品營養成分資料集,P0700501,薄鹽醬油(低鈉),exact,,sodium,3508.0,mg,1,,,,,
potato_chips,洋芋片（原味）,USDA,SR Legacy,169677,"Snacks, potato chips, plain, salted",exact,6.25,water,1.86,g,17,,1.24,2.44,,A: Analytical
potato_chips,洋芋片（原味）,USDA,SR Legacy,169677,"Snacks, potato chips, plain, salted",exact,6.25,protein,6.39,g,17,,5.44,7.19,,A: Analytical
potato_chips,洋芋片（原味）,USDA,SR Legacy,169677,"Snacks, potato chips, plain, salted",exact,6.25,fat,33.98,g,17,,30.74,38.39,,A: Analytical
potato_chips,洋芋片（原味）,USDA,SR Legacy,169677,"Snacks, potato chips, plain, salted",exact,6.25,ash,3.94,g,17,,3.13,4.23,,A: Analytical
potato_chips,洋芋片（原味）,USDA,SR Legacy,169677,"Snacks, potato chips, plain, salted",exact,6.25,carbohydrate,53.83,g,0,,,,,NC: Calculated
potato_chips,洋芋片（原味）,USDA,SR Legacy,169677,"Snacks, potato chips, plain, salted",exact,6.25,sugars_total,0.33,g,9,,0.3,0.4,,A: Analytical
potato_chips,洋芋片（原味）,USDA,SR Legacy,169677,"Snacks, potato chips, plain, salted",exact,6.25,sodium,527.0,mg,17,,235.0,633.0,,A: Analytical
potato_chips,洋芋片（原味）,TFND,食品營養成分資料集,Q4200201,洋芋片,closest,,water,1.9,g,1,,,,,
potato_chips,洋芋片（原味）,TFND,食品營養成分資料集,Q4200201,洋芋片,closest,,protein,5.2,g,1,,,,,
potato_chips,洋芋片（原味）,TFND,食品營養成分資料集,Q4200201,洋芋片,closest,,fat,34.3,g,2,6.0,,,,
potato_chips,洋芋片（原味）,TFND,食品營養成分資料集,Q4200201,洋芋片,closest,,ash,2.8,g,1,,,,,
potato_chips,洋芋片（原味）,TFND,食品營養成分資料集,Q4200201,洋芋片,closest,,carbohydrate,55.8,g,,,,,,
potato_chips,洋芋片（原味）,TFND,食品營養成分資料集,Q4200201,洋芋片,closest,,sugars_total,1.9,g,,,,,,
potato_chips,洋芋片（原味）,TFND,食品營養成分資料集,Q4200201,洋芋片,closest,,sodium,383.0,mg,1,,,,,
soup_powder_dry,湯粉/高湯粉（乾粉）,USDA,SR Legacy,171562,"Soup, chicken broth or bouillon, dry",closest,6.25,water,2.27,g,4,,,,,
soup_powder_dry,湯粉/高湯粉（乾粉）,USDA,SR Legacy,171562,"Soup, chicken broth or bouillon, dry",closest,6.25,protein,16.66,g,4,,,,,
soup_powder_dry,湯粉/高湯粉（乾粉）,USDA,SR Legacy,171562,"Soup, chicken broth or bouillon, dry",closest,6.25,fat,13.88,g,4,,,,,
soup_powder_dry,湯粉/高湯粉（乾粉）,USDA,SR Legacy,171562,"Soup, chicken broth or bouillon, dry",closest,6.25,ash,49.18,g,4,,,,,
soup_powder_dry,湯粉/高湯粉（乾粉）,USDA,SR Legacy,171562,"Soup, chicken broth or bouillon, dry",closest,6.25,carbohydrate,18.01,g,0,,,,,NC: Calculated
soup_powder_dry,湯粉/高湯粉（乾粉）,USDA,SR Legacy,171562,"Soup, chicken broth or bouillon, dry",closest,6.25,sugars_total,17.36,g,0,,,,,FLA: Estimated formulation based on ingredient list; Linear program used to estimate ingredients; Analytical data
soup_powder_dry,湯粉/高湯粉（乾粉）,USDA,SR Legacy,171562,"Soup, chicken broth or bouillon, dry",closest,6.25,sodium,23875.0,mg,4,,,,,LC: Label claim (back calculated from label by NDL staff; Calculated from label claim/serving (g or %RDI)
soup_powder_dry,湯粉/高湯粉（乾粉）,USDA,SR Legacy,171560,"Soup, beef broth or bouillon, powder, dry",closest,6.25,water,3.27,g,3,,,,,
soup_powder_dry,湯粉/高湯粉（乾粉）,USDA,SR Legacy,171560,"Soup, beef broth or bouillon, powder, dry",closest,6.25,protein,15.97,g,3,,,,,
soup_powder_dry,湯粉/高湯粉（乾粉）,USDA,SR Legacy,171560,"Soup, beef broth or bouillon, powder, dry",closest,6.25,fat,8.89,g,3,,,,,
soup_powder_dry,湯粉/高湯粉（乾粉）,USDA,SR Legacy,171560,"Soup, beef broth or bouillon, powder, dry",closest,6.25,ash,54.5,g,0,,,,,"NR: Nutrient that is based on other nutrient/s; value used directly, ex. Nut.#204 from Nut.#298"
soup_powder_dry,湯粉/高湯粉（乾粉）,USDA,SR Legacy,171560,"Soup, beef broth or bouillon, powder, dry",closest,6.25,carbohydrate,17.4,g,0,,,,,"NR: Nutrient that is based on other nutrient/s; value used directly, ex. Nut.#204 from Nut.#298"
soup_powder_dry,湯粉/高湯粉（乾粉）,USDA,SR Legacy,171560,"Soup, beef broth or bouillon, powder, dry",closest,6.25,sugars_total,16.71,g,0,,,,,FLA: Estimated formulation based on ingredient list; Linear program used to estimate ingredients; Analytical data
soup_powder_dry,湯粉/高湯粉（乾粉）,USDA,SR Legacy,171560,"Soup, beef broth or bouillon, powder, dry",closest,6.25,sodium,26000.0,mg,1,,,,,LC: Label claim (back calculated from label by NDL staff; Calculated from label claim/serving (g or %RDI)
soup_powder_dry,湯粉/高湯粉（乾粉）,TFND,食品營養成分資料集,P0500201,高湯塊(雞肉),closest,,water,2.1,g,1,,,,,
soup_powder_dry,湯粉/高湯粉（乾粉）,TFND,食品營養成分資料集,P0500201,高湯塊(雞肉),closest,,protein,14.7,g,1,,,,,
soup_powder_dry,湯粉/高湯粉（乾粉）,TFND,食品營養成分資料集,P0500201,高湯塊(雞肉),closest,,fat,24.8,g,1,,,,,
soup_powder_dry,湯粉/高湯粉（乾粉）,TFND,食品營養成分資料集,P0500201,高湯塊(雞肉),closest,,ash,43.9,g,1,,,,,
soup_powder_dry,湯粉/高湯粉（乾粉）,TFND,食品營養成分資料集,P0500201,高湯塊(雞肉),closest,,carbohydrate,14.5,g,,,,,,
soup_powder_dry,湯粉/高湯粉（乾粉）,TFND,食品營養成分資料集,P0500201,高湯塊(雞肉),closest,,sodium,16862.0,mg,1,,,,,
soup_powder_dry,湯粉/高湯粉（乾粉）,TFND,食品營養成分資料集,R8100101,沖泡濃湯(海鮮),closest,,water,3.4,g,1,,,,,
soup_powder_dry,湯粉/高湯粉（乾粉）,TFND,食品營養成分資料集,R8100101,沖泡濃湯(海鮮),closest,,protein,11.2,g,1,,,,,
soup_powder_dry,湯粉/高湯粉（乾粉）,TFND,食品營養成分資料集,R8100101,沖泡濃湯(海鮮),closest,,fat,6.9,g,2,3.3,,,,
soup_powder_dry,湯粉/高湯粉（乾粉）,TFND,食品營養成分資料集,R8100101,沖泡濃湯(海鮮),closest,,ash,16.5,g,1,,,,,
soup_powder_dry,湯粉/高湯粉（乾粉）,TFND,食品營養成分資料集,R8100101,沖泡濃湯(海鮮),closest,,carbohydrate,62.0,g,,,,,,
soup_powder_dry,湯粉/高湯粉（乾粉）,TFND,食品營養成分資料集,R8100101,沖泡濃湯(海鮮),closest,,sugars_total,11.6,g,,,,,,
soup_powder_dry,湯粉/高湯粉（乾粉）,TFND,食品營養成分資料集,R8100101,沖泡濃湯(海鮮),closest,,sodium,6118.0,mg,1,,,,,
soup_prepared,沖泡後的湯（依標示沖泡）,USDA,SR Legacy,172924,"Soup, chicken broth or bouillon, dry, prepared with water",closest,6.25,water,98.28,g,0,,,,,"RPI: Recipe;Per package directions;No adjustments applied, combination of source codes which incl codes other than 1,12,or 6"
soup_prepared,沖泡後的湯（依標示沖泡）,USDA,SR Legacy,172924,"Soup, chicken broth or bouillon, dry, prepared with water",closest,6.25,protein,0.28,g,0,,,,,"RPI: Recipe;Per package directions;No adjustments applied, combination of source codes which incl codes other than 1,12,or 6"
soup_prepared,沖泡後的湯（依標示沖泡）,USDA,SR Legacy,172924,"Soup, chicken broth or bouillon, dry, prepared with water",closest,6.25,fat,0.23,g,0,,,,,"RPI: Recipe;Per package directions;No adjustments applied, combination of source codes which incl codes other than 1,12,or 6"
soup_prepared,沖泡後的湯（依標示沖泡）,USDA,SR Legacy,172924,"Soup, chicken broth or bouillon, dry, prepared with water",closest,6.25,ash,0.92,g,0,,,,,"RPI: Recipe;Per package directions;No adjustments applied, combination of source codes which incl codes other than 1,12,or 6"
soup_prepared,沖泡後的湯（依標示沖泡）,USDA,SR Legacy,172924,"Soup, chicken broth or bouillon, dry, prepared with water",closest,6.25,carbohydrate,0.3,g,0,,,,,"RPI: Recipe;Per package directions;No adjustments applied, combination of source codes which incl codes other than 1,12,or 6"
soup_prepared,沖泡後的湯（依標示沖泡）,USDA,SR Legacy,172924,"Soup, chicken broth or bouillon, dry, prepared with water",closest,6.25,sugars_total,0.29,g,0,,,,,"RPI: Recipe;Per package directions;No adjustments applied, combination of source codes which incl codes other than 1,12,or 6"
soup_prepared,沖泡後的湯（依標示沖泡）,USDA,SR Legacy,172924,"Soup, chicken broth or bouillon, dry, prepared with water",closest,6.25,sodium,401.0,mg,0,,,,,"NR: Nutrient that is based on other nutrient/s; value used directly, ex. Nut.#204 from Nut.#298"
sports_drink,運動飲料,USDA,SR Legacy,173660,"Beverages, PEPSICO QUAKER, Gatorade, G performance O 2, ready-to-drink.",closest,6.25,water,93.38,g,1,,,,,A: Analytical
sports_drink,運動飲料,USDA,SR Legacy,173660,"Beverages, PEPSICO QUAKER, Gatorade, G performance O 2, ready-to-drink.",closest,6.25,protein,0.0,g,1,,,,,LC: Label claim (back calculated from label by NDL staff; Calculated from label claim/serving (g or %RDI)
sports_drink,運動飲料,USDA,SR Legacy,173660,"Beverages, PEPSICO QUAKER, Gatorade, G performance O 2, ready-to-drink.",closest,6.25,fat,0.0,g,0,,,,,"Z: Assumed zero (Insignificant amount or not naturally occurring in a food, such as fiber in meat)"
sports_drink,運動飲料,USDA,SR Legacy,173660,"Beverages, PEPSICO QUAKER, Gatorade, G performance O 2, ready-to-drink.",closest,6.25,ash,0.14,g,2,,0.07,0.2,,A: Analytical
sports_drink,運動飲料,USDA,SR Legacy,173660,"Beverages, PEPSICO QUAKER, Gatorade, G performance O 2, ready-to-drink.",closest,6.25,carbohydrate,6.43,g,0,,,,,NC: Calculated
sports_drink,運動飲料,USDA,SR Legacy,173660,"Beverages, PEPSICO QUAKER, Gatorade, G performance O 2, ready-to-drink.",closest,6.25,sugars_total,5.24,g,0,,,,,NC: Calculated
sports_drink,運動飲料,USDA,SR Legacy,173660,"Beverages, PEPSICO QUAKER, Gatorade, G performance O 2, ready-to-drink.",closest,6.25,sodium,39.0,mg,2,,39.0,39.0,,A: Analytical
sports_drink,運動飲料,USDA,SR Legacy,175108,"Beverages, COCA-COLA, POWERADE, lemon-lime flavored, ready-to-drink",closest,6.25,water,91.91,g,1,,,,,A: Analytical
sports_drink,運動飲料,USDA,SR Legacy,175108,"Beverages, COCA-COLA, POWERADE, lemon-lime flavored, ready-to-drink",closest,6.25,protein,0.0,g,3,,0.0,0.0,,LC: Label claim (back calculated from label by NDL staff; Calculated from label claim/serving (g or %RDI)
sports_drink,運動飲料,USDA,SR Legacy,175108,"Beverages, COCA-COLA, POWERADE, lemon-lime flavored, ready-to-drink",closest,6.25,fat,0.05,g,0,,,,,FLA: Estimated formulation based on ingredient list; Linear program used to estimate ingredients; Analytical data
sports_drink,運動飲料,USDA,SR Legacy,175108,"Beverages, COCA-COLA, POWERADE, lemon-lime flavored, ready-to-drink",closest,6.25,ash,0.2,g,1,,,,,A: Analytical
sports_drink,運動飲料,USDA,SR Legacy,175108,"Beverages, COCA-COLA, POWERADE, lemon-lime flavored, ready-to-drink",closest,6.25,carbohydrate,7.84,g,0,,,,,NC: Calculated
sports_drink,運動飲料,USDA,SR Legacy,175108,"Beverages, COCA-COLA, POWERADE, lemon-lime flavored, ready-to-drink",closest,6.25,sugars_total,6.11,g,3,,6.02,6.16,,LC: Label claim (back calculated from label by NDL staff; Calculated from label claim/serving (g or %RDI)
sports_drink,運動飲料,USDA,SR Legacy,175108,"Beverages, COCA-COLA, POWERADE, lemon-lime flavored, ready-to-drink",closest,6.25,sodium,42.0,mg,0,,,,,"NR: Nutrient that is based on other nutrient/s; value used directly, ex. Nut.#204 from Nut.#298"
sports_drink,運動飲料,TFND,食品營養成分資料集,O0703301,運動飲料,exact,,water,92.7,g,1,,,,,
sports_drink,運動飲料,TFND,食品營養成分資料集,O0703301,運動飲料,exact,,protein,0.1,g,1,,,,,
sports_drink,運動飲料,TFND,食品營養成分資料集,O0703301,運動飲料,exact,,ash,0.2,g,1,,,,,
sports_drink,運動飲料,TFND,食品營養成分資料集,O0703301,運動飲料,exact,,carbohydrate,7.0,g,,,,,,
sports_drink,運動飲料,TFND,食品營養成分資料集,O0703301,運動飲料,exact,,sodium,41.0,mg,1,,,,,
brown_sugar,黑糖,USDA,SR Legacy,168833,"Sugars, brown",closest,6.25,water,1.34,g,15,,1.1,2.13,,A: Analytical
brown_sugar,黑糖,USDA,SR Legacy,168833,"Sugars, brown",closest,6.25,protein,0.12,g,15,,0.09,0.25,,A: Analytical
brown_sugar,黑糖,USDA,SR Legacy,168833,"Sugars, brown",closest,6.25,fat,0.0,g,3,,0.0,0.0,,A: Analytical
brown_sugar,黑糖,USDA,SR Legacy,168833,"Sugars, brown",closest,6.25,ash,0.45,g,15,,0.04,0.87,,A: Analytical
brown_sugar,黑糖,USDA,SR Legacy,168833,"Sugars, brown",closest,6.25,carbohydrate,98.09,g,0,,,,,NC: Calculated
brown_sugar,黑糖,USDA,SR Legacy,168833,"Sugars, brown",closest,6.25,sugars_total,97.02,g,15,,92.42,99.85,,A: Analytical
brown_sugar,黑糖,USDA,SR Legacy,168833,"Sugars, brown",closest,6.25,sodium,28.0,mg,15,,3.0,63.0,,A: Analytical
brown_sugar,黑糖,TFND,食品營養成分資料集,N0100401,黑砂糖,closest,,water,2.4,g,1,,,,,
brown_sugar,黑糖,TFND,食品營養成分資料集,N0100401,黑砂糖,closest,,protein,0.5,g,1,,,,,
brown_sugar,黑糖,TFND,食品營養成分資料集,N0100401,黑砂糖,closest,,fat,0.7,g,1,,,,,
brown_sugar,黑糖,TFND,食品營養成分資料集,N0100401,黑砂糖,closest,,ash,1.1,g,1,,,,,
brown_sugar,黑糖,TFND,食品營養成分資料集,N0100401,黑砂糖,closest,,carbohydrate,95.3,g,,,,,,
brown_sugar,黑糖,TFND,食品營養成分資料集,N0100401,黑砂糖,closest,,sugars_total,86.1,g,,,,,,
brown_sugar,黑糖,TFND,食品營養成分資料集,N0100401,黑砂糖,closest,,sodium,10.0,mg,1,,,,,
white_sugar,白砂糖,USDA,SR Legacy,169655,"Sugars, granulated",exact,6.25,water,0.02,g,8,,0.01,0.06,,A: Analytical
white_sugar,白砂糖,USDA,SR Legacy,169655,"Sugars, granulated",exact,6.25,protein,0.0,g,8,,0.0,0.0,,A: Analytical
white_sugar,白砂糖,USDA,SR Legacy,169655,"Sugars, granulated",exact,6.25,fat,0.0,g,1,,,,,A: Analytical
white_sugar,白砂糖,USDA,SR Legacy,169655,"Sugars, granulated",exact,6.25,ash,0.01,g,0,,,,,"NR: Nutrient that is based on other nutrient/s; value used directly, ex. Nut.#204 from Nut.#298"
white_sugar,白砂糖,USDA,SR Legacy,169655,"Sugars, granulated",exact,6.25,carbohydrate,99.98,g,0,,,,,NC: Calculated
white_sugar,白砂糖,USDA,SR Legacy,169655,"Sugars, granulated",exact,6.25,sugars_total,99.8,g,7,,99.17,100.0,,A: Analytical
white_sugar,白砂糖,USDA,SR Legacy,169655,"Sugars, granulated",exact,6.25,sodium,1.0,mg,8,,1.0,1.0,,A: Analytical
white_sugar,白砂糖,USDA,Foundation,746784,"Sugars, granulated",exact,6.25,water,0.02,g,8,,0.01,0.06,0.01,A: Analytical
white_sugar,白砂糖,USDA,Foundation,746784,"Sugars, granulated",exact,6.25,protein,0.0,g,,,0.0,0.0,0.0,NC: Calculated
white_sugar,白砂糖,USDA,Foundation,746784,"Sugars, granulated",exact,6.25,fat,0.32,g,8,,0.11,0.55,0.32,A: Analytical
white_sugar,白砂糖,USDA,Foundation,746784,"Sugars, granulated",exact,6.25,ash,0.07,g,8,,0.03,0.13,0.05,A: Analytical
white_sugar,白砂糖,USDA,Foundation,746784,"Sugars, granulated",exact,6.25,carbohydrate,99.6,g,,,,,,NC: Calculated
white_sugar,白砂糖,USDA,Foundation,746784,"Sugars, granulated",exact,6.25,sugars_total,99.8,g,,,,,,AS: Summed
white_sugar,白砂糖,USDA,Foundation,746784,"Sugars, granulated",exact,6.25,sodium,1.0,mg,8,,1.0,1.0,1.0,A: Analytical
white_sugar,白砂糖,TFND,食品營養成分資料集,N0100101,方糖,closest,,water,0.4,g,1,,,,,
white_sugar,白砂糖,TFND,食品營養成分資料集,N0100101,方糖,closest,,ash,0.0,g,1,,,,,
white_sugar,白砂糖,TFND,食品營養成分資料集,N0100101,方糖,closest,,carbohydrate,99.6,g,,,,,,
white_sugar,白砂糖,TFND,食品營養成分資料集,N0100101,方糖,closest,,sodium,2.0,mg,1,,,,,
brown_rice,糙米（生）,USDA,SR Legacy,169703,"Rice, brown, long-grain, raw (Includes foods for USDA's Food Distribution Program)",closest,5.95,water,11.8,g,6,,11.1,12.3,,A: Analytical
brown_rice,糙米（生）,USDA,SR Legacy,169703,"Rice, brown, long-grain, raw (Includes foods for USDA's Food Distribution Program)",closest,5.95,protein,7.54,g,6,,7.21,8.01,,A: Analytical
brown_rice,糙米（生）,USDA,SR Legacy,169703,"Rice, brown, long-grain, raw (Includes foods for USDA's Food Distribution Program)",closest,5.95,fat,3.2,g,6,,3.0,3.5,,A: Analytical
brown_rice,糙米（生）,USDA,SR Legacy,169703,"Rice, brown, long-grain, raw (Includes foods for USDA's Food Distribution Program)",closest,5.95,ash,1.21,g,6,,1.13,1.32,,A: Analytical
brown_rice,糙米（生）,USDA,SR Legacy,169703,"Rice, brown, long-grain, raw (Includes foods for USDA's Food Distribution Program)",closest,5.95,carbohydrate,76.25,g,0,,,,,NC: Calculated
brown_rice,糙米（生）,USDA,SR Legacy,169703,"Rice, brown, long-grain, raw (Includes foods for USDA's Food Distribution Program)",closest,5.95,sugars_total,0.66,g,3,,0.6,0.7,,A: Analytical
brown_rice,糙米（生）,USDA,SR Legacy,169703,"Rice, brown, long-grain, raw (Includes foods for USDA's Food Distribution Program)",closest,5.95,sodium,5.0,mg,6,,5.0,5.0,,A: Analytical
brown_rice,糙米（生）,USDA,Foundation,2512380,"Rice, brown, long grain, unenriched, raw",closest,5.95,water,11.47,g,8,,10.79,11.83,11.54,A: Analytical
brown_rice,糙米（生）,USDA,Foundation,2512380,"Rice, brown, long grain, unenriched, raw",closest,5.95,protein,7.253,g,,,6.6045,7.9135,7.1697,NC: Calculated
brown_rice,糙米（生）,USDA,Foundation,2512380,"Rice, brown, long grain, unenriched, raw",closest,5.95,fat,3.306,g,8,,2.57,3.73,3.48,A: Analytical
brown_rice,糙米（生）,USDA,Foundation,2512380,"Rice, brown, long grain, unenriched, raw",closest,5.95,ash,1.283,g,8,,1.2,1.46,1.255,A: Analytical
brown_rice,糙米（生）,USDA,Foundation,2512380,"Rice, brown, long grain, unenriched, raw",closest,5.95,carbohydrate,76.688,g,,,,,,NC: Calculated
brown_rice,糙米（生）,USDA,Foundation,2512380,"Rice, brown, long grain, unenriched, raw",closest,5.95,sodium,0.0,mg,8,,0.0,0.0,0.0,A: Analytical
brown_rice,糙米（生）,TFND,食品營養成分資料集,A05013,糙稉米平均值,exact,,water,12.5,g,1,,,,,
brown_rice,糙米（生）,TFND,食品營養成分資料集,A05013,糙稉米平均值,exact,,protein,7.4,g,1,,,,,
brown_rice,糙米（生）,TFND,食品營養成分資料集,A05013,糙稉米平均值,exact,,fat,2.3,g,1,,,,,
brown_rice,糙米（生）,TFND,食品營養成分資料集,A05013,糙稉米平均值,exact,,ash,1.1,g,1,,,,,
brown_rice,糙米（生）,TFND,食品營養成分資料集,A05013,糙稉米平均值,exact,,carbohydrate,76.6,g,,,,,,
brown_rice,糙米（生）,TFND,食品營養成分資料集,A05013,糙稉米平均值,exact,,sugars_total,0.5,g,,,,,,
brown_rice,糙米（生）,TFND,食品營養成分資料集,A05013,糙稉米平均值,exact,,sodium,3.0,mg,1,,,,,
white_rice,白米（生）,USDA,SR Legacy,169756,"Rice, white, long-grain, regular, raw, unenriched",closest,5.95,water,11.62,g,58,,,,,
white_rice,白米（生）,USDA,SR Legacy,169756,"Rice, white, long-grain, regular, raw, unenriched",closest,5.95,protein,7.13,g,70,,,,,
white_rice,白米（生）,USDA,SR Legacy,169756,"Rice, white, long-grain, regular, raw, unenriched",closest,5.95,fat,0.66,g,23,,,,,
white_rice,白米（生）,USDA,SR Legacy,169756,"Rice, white, long-grain, regular, raw, unenriched",closest,5.95,ash,0.64,g,60,,,,,
white_rice,白米（生）,USDA,SR Legacy,169756,"Rice, white, long-grain, regular, raw, unenriched",closest,5.95,carbohydrate,79.95,g,0,,,,,NC: Calculated
white_rice,白米（生）,USDA,SR Legacy,169756,"Rice, white, long-grain, regular, raw, unenriched",closest,5.95,sugars_total,0.12,g,0,,,,,BFZN: Based on another form of the food or similar food; Concentration adjustment; No adjustment; Retention factors not used
white_rice,白米（生）,USDA,SR Legacy,169756,"Rice, white, long-grain, regular, raw, unenriched",closest,5.95,sodium,5.0,mg,10,,,,,
white_rice,白米（生）,USDA,Foundation,2512381,"Rice, white, long grain, unenriched, raw",closest,5.95,water,11.19,g,8,,10.28,12.16,11.33,A: Analytical
white_rice,白米（生）,USDA,Foundation,2512381,"Rice, white, long grain, unenriched, raw",closest,5.95,protein,7.0389,g,,,5.8905,8.33,6.7533,NC: Calculated
white_rice,白米（生）,USDA,Foundation,2512381,"Rice, white, long grain, unenriched, raw",closest,5.95,fat,1.033,g,8,,0.72,1.45,1.033,A: Analytical
white_rice,白米（生）,USDA,Foundation,2512381,"Rice, white, long grain, unenriched, raw",closest,5.95,ash,0.425,g,8,,0.2,0.61,0.385,A: Analytical
white_rice,白米（生）,USDA,Foundation,2512381,"Rice, white, long grain, unenriched, raw",closest,5.95,carbohydrate,80.3131,g,,,,,,NC: Calculated
white_rice,白米（生）,USDA,Foundation,2512381,"Rice, white, long grain, unenriched, raw",closest,5.95,sodium,0.4625,mg,8,,0.0,3.7,0.0,A: Analytical
white_rice,白米（生）,TFND,食品營養成分資料集,A05002,稉米平均值,exact,,water,14.1,g,10,1.6,,,,
white_rice,白米（生）,TFND,食品營養成分資料集,A05002,稉米平均值,exact,,protein,7.0,g,10,0.5,,,,
white_rice,白米（生）,TFND,食品營養成分資料集,A05002,稉米平均值,exact,,fat,0.7,g,10,0.3,,,,
white_rice,白米（生）,TFND,食品營養成分資料集,A05002,稉米平均值,exact,,ash,0.4,g,10,0.1,,,,
white_rice,白米（生）,TFND,食品營養成分資料集,A05002,稉米平均值,exact,,carbohydrate,77.8,g,,,,,,
white_rice,白米（生）,TFND,食品營養成分資料集,A05002,稉米平均值,exact,,sugars_total,0.1,g,,,,,,
white_rice,白米（生）,TFND,食品營養成分資料集,A05002,稉米平均值,exact,,sodium,2.0,mg,10,1.0,,,,
bread_flour,高筋麵粉,USDA,SR Legacy,168896,"Wheat flour, white, bread, enriched",closest,5.7,water,13.36,g,67,,,,,
bread_flour,高筋麵粉,USDA,SR Legacy,168896,"Wheat flour, white, bread, enriched",closest,5.7,protein,11.98,g,65,,,,,
bread_flour,高筋麵粉,USDA,SR Legacy,168896,"Wheat flour, white, bread, enriched",closest,5.7,fat,1.66,g,9,,,,,
bread_flour,高筋麵粉,USDA,SR Legacy,168896,"Wheat flour, white, bread, enriched",closest,5.7,ash,0.47,g,65,,,,,
bread_flour,高筋麵粉,USDA,SR Legacy,168896,"Wheat flour, white, bread, enriched",closest,5.7,carbohydrate,72.53,g,0,,,,,NC: Calculated
bread_flour,高筋麵粉,USDA,SR Legacy,168896,"Wheat flour, white, bread, enriched",closest,5.7,sugars_total,0.31,g,0,,,,,BFZN: Based on another form of the food or similar food; Concentration adjustment; No adjustment; Retention factors not used
bread_flour,高筋麵粉,USDA,SR Legacy,168896,"Wheat flour, white, bread, enriched",closest,5.7,sodium,2.0,mg,74,,,,,
bread_flour,高筋麵粉,TFND,食品營養成分資料集,A0320404,高筋麵粉,exact,,water,12.3,g,2,0.5,,,,
bread_flour,高筋麵粉,TFND,食品營養成分資料集,A0320404,高筋麵粉,exact,,protein,12.9,g,2,0.6,,,,
bread_flour,高筋麵粉,TFND,食品營養成分資料集,A0320404,高筋麵粉,exact,,fat,1.2,g,2,0.1,,,,
bread_flour,高筋麵粉,TFND,食品營養成分資料集,A0320404,高筋麵粉,exact,,ash,0.6,g,2,0.1,,,,
bread_flour,高筋麵粉,TFND,食品營養成分資料集,A0320404,高筋麵粉,exact,,carbohydrate,73.1,g,,,,,,
bread_flour,高筋麵粉,TFND,食品營養成分資料集,A0320404,高筋麵粉,exact,,sodium,1.0,mg,2,0.0,,,,
all_purpose_flour,中筋麵粉,USDA,Foundation,790018,"Flour, wheat, all-purpose, unenriched, unbleached",closest,,water,11.1,g,6,,8.19,13.5,11.1,A: Analytical
all_purpose_flour,中筋麵粉,USDA,Foundation,790018,"Flour, wheat, all-purpose, unenriched, unbleached",closest,,protein,12.0,g,,,10.5,13.5,12.2,NC: Calculated
all_purpose_flour,中筋麵粉,USDA,Foundation,790018,"Flour, wheat, all-purpose, unenriched, unbleached",closest,,fat,1.7,g,6,,1.5,2.3,1.6,A: Analytical
all_purpose_flour,中筋麵粉,USDA,Foundation,790018,"Flour, wheat, all-purpose, unenriched, unbleached",closest,,ash,0.56,g,6,,0.43,0.77,0.56,A: Analytical
all_purpose_flour,中筋麵粉,USDA,Foundation,790018,"Flour, wheat, all-purpose, unenriched, unbleached",closest,,carbohydrate,74.6,g,,,,,,NC: Calculated
all_purpose_flour,中筋麵粉,USDA,Foundation,790018,"Flour, wheat, all-purpose, unenriched, unbleached",closest,,sodium,2.0,mg,6,,0.0,3.0,3.0,A: Analytical
all_purpose_flour,中筋麵粉,TFND,食品營養成分資料集,A0320301,中筋麵粉,exact,,water,12.6,g,2,0.8,,,,
all_purpose_flour,中筋麵粉,TFND,食品營養成分資料集,A0320301,中筋麵粉,exact,,protein,11.5,g,2,0.9,,,,
all_purpose_flour,中筋麵粉,TFND,食品營養成分資料集,A0320301,中筋麵粉,exact,,fat,1.3,g,2,0.1,,,,
all_purpose_flour,中筋麵粉,TFND,食品營養成分資料集,A0320301,中筋麵粉,exact,,ash,0.5,g,2,0.0,,,,
all_purpose_flour,中筋麵粉,TFND,食品營養成分資料集,A0320301,中筋麵粉,exact,,carbohydrate,74.1,g,,,,,,
all_purpose_flour,中筋麵粉,TFND,食品營養成分資料集,A0320301,中筋麵粉,exact,,sodium,4.0,mg,2,4.0,,,,
cake_flour,低筋麵粉,USDA,SR Legacy,169723,"Wheat flour, white, cake, enriched",closest,5.7,water,12.51,g,25,,,,,
cake_flour,低筋麵粉,USDA,SR Legacy,169723,"Wheat flour, white, cake, enriched",closest,5.7,protein,8.2,g,21,,,,,
cake_flour,低筋麵粉,USDA,SR Legacy,169723,"Wheat flour, white, cake, enriched",closest,5.7,fat,0.86,g,5,,,,,
cake_flour,低筋麵粉,USDA,SR Legacy,169723,"Wheat flour, white, cake, enriched",closest,5.7,ash,0.39,g,35,,,,,
cake_flour,低筋麵粉,USDA,SR Legacy,169723,"Wheat flour, white, cake, enriched",closest,5.7,carbohydrate,78.03,g,0,,,,,NC: Calculated
cake_flour,低筋麵粉,USDA,SR Legacy,169723,"Wheat flour, white, cake, enriched",closest,5.7,sugars_total,0.31,g,0,,,,,BFZN: Based on another form of the food or similar food; Concentration adjustment; No adjustment; Retention factors not used
cake_flour,低筋麵粉,USDA,SR Legacy,169723,"Wheat flour, white, cake, enriched",closest,5.7,sodium,2.0,mg,38,,,,,
cake_flour,低筋麵粉,TFND,食品營養成分資料集,A0320202,低筋麵粉,exact,,water,12.0,g,2,0.6,,,,
cake_flour,低筋麵粉,TFND,食品營養成分資料集,A0320202,低筋麵粉,exact,,protein,8.1,g,2,0.4,,,,
cake_flour,低筋麵粉,TFND,食品營養成分資料集,A0320202,低筋麵粉,exact,,fat,1.2,g,2,0.0,,,,
cake_flour,低筋麵粉,TFND,食品營養成分資料集,A0320202,低筋麵粉,exact,,ash,0.5,g,2,0.0,,,,
cake_flour,低筋麵粉,TFND,食品營養成分資料集,A0320202,低筋麵粉,exact,,carbohydrate,78.2,g,,,,,,
cake_flour,低筋麵粉,TFND,食品營養成分資料集,A0320202,低筋麵粉,exact,,sodium,1.0,mg,2,1.0,,,,
beef_jerky,牛肉乾,USDA,SR Legacy,167536,"Snacks, beef jerky, chopped and formed",closest,6.25,water,23.36,g,1,,,,,"MA: Manufacturer supplied(industry or trade association), Analytical data, incomplete documentation"
beef_jerky,牛肉乾,USDA,SR Legacy,167536,"Snacks, beef jerky, chopped and formed",closest,6.25,protein,33.2,g,1,,,,,"MA: Manufacturer supplied(industry or trade association), Analytical data, incomplete documentation"
beef_jerky,牛肉乾,USDA,SR Legacy,167536,"Snacks, beef jerky, chopped and formed",closest,6.25,fat,25.6,g,1,,,,,"MA: Manufacturer supplied(industry or trade association), Analytical data, incomplete documentation"
beef_jerky,牛肉乾,USDA,SR Legacy,167536,"Snacks, beef jerky, chopped and formed",closest,6.25,ash,6.8,g,1,,,,,"MA: Manufacturer supplied(industry or trade association), Analytical data, incomplete documentation"
beef_jerky,牛肉乾,USDA,SR Legacy,167536,"Snacks, beef jerky, chopped and formed",closest,6.25,carbohydrate,11.0,g,0,,,,,MC: Manufacturer supplied; Calculated by manufacturer or unknown if analytical or calculated
beef_jerky,牛肉乾,USDA,SR Legacy,167536,"Snacks, beef jerky, chopped and formed",closest,6.25,sugars_total,9.0,g,0,,,,,O: Other procedure used from imputing
beef_jerky,牛肉乾,USDA,SR Legacy,167536,"Snacks, beef jerky, chopped and formed",closest,6.25,sodium,1785.0,mg,0,,,,,LC: Label claim (back calculated from label by NDL staff; Calculated from label claim/serving (g or %RDI)
beef_jerky,牛肉乾,TFND,食品營養成分資料集,R5200101,片狀肉乾(牛肉),closest,,water,17.9,g,2,2.4,,,,
beef_jerky,牛肉乾,TFND,食品營養成分資料集,R5200101,片狀肉乾(牛肉),closest,,protein,30.3,g,2,2.8,,,,
beef_jerky,牛肉乾,TFND,食品營養成分資料集,R5200101,片狀肉乾(牛肉),closest,,fat,5.2,g,3,3.2,,,,
beef_jerky,牛肉乾,TFND,食品營養成分資料集,R5200101,片狀肉乾(牛肉),closest,,ash,4.8,g,2,0.7,,,,
beef_jerky,牛肉乾,TFND,食品營養成分資料集,R5200101,片狀肉乾(牛肉),closest,,carbohydrate,41.8,g,,,,,,
beef_jerky,牛肉乾,TFND,食品營養成分資料集,R5200101,片狀肉乾(牛肉),closest,,sugars_total,18.2,g,,,,,,
beef_jerky,牛肉乾,TFND,食品營養成分資料集,R5200101,片狀肉乾(牛肉),closest,,sodium,1317.0,mg,2,309.0,,,,
dried_longan,龍眼乾,USDA,SR Legacy,169907,"Longans, dried",exact,6.25,water,17.6,g,0,,,,,
dried_longan,龍眼乾,USDA,SR Legacy,169907,"Longans, dried",exact,6.25,protein,4.9,g,0,,,,,
dried_longan,龍眼乾,USDA,SR Legacy,169907,"Longans, dried",exact,6.25,fat,0.4,g,0,,,,,
dried_longan,龍眼乾,USDA,SR Legacy,169907,"Longans, dried",exact,6.25,ash,3.1,g,0,,,,,
dried_longan,龍眼乾,USDA,SR Legacy,169907,"Longans, dried",exact,6.25,carbohydrate,74.0,g,0,,,,,NC: Calculated
dried_longan,龍眼乾,USDA,SR Legacy,169907,"Longans, dried",exact,6.25,sodium,48.0,mg,1,,,,,
dried_longan,龍眼乾,TFND,食品營養成分資料集,D2310101,龍眼乾,exact,,water,18.2,g,2,1.2,,,,
dried_longan,龍眼乾,TFND,食品營養成分資料集,D2310101,龍眼乾,exact,,protein,5.1,g,2,0.4,,,,
dried_longan,龍眼乾,TFND,食品營養成分資料集,D2310101,龍眼乾,exact,,fat,0.5,g,3,0.7,,,,
dried_longan,龍眼乾,TFND,食品營養成分資料集,D2310101,龍眼乾,exact,,ash,5.3,g,2,1.6,,,,
dried_longan,龍眼乾,TFND,食品營養成分資料集,D2310101,龍眼乾,exact,,carbohydrate,70.9,g,,,,,,
dried_longan,龍眼乾,TFND,食品營養成分資料集,D2310101,龍眼乾,exact,,sugars_total,51.4,g,,,,,,
dried_longan,龍眼乾,TFND,食品營養成分資料集,D2310101,龍眼乾,exact,,sodium,5.0,mg,2,6.0,,,,
orange_juice,柳橙汁（100%）,USDA,SR Legacy,169098,"Orange juice, raw (Includes foods for USDA's Food Distribution Program)",closest,6.25,water,88.3,g,0,,,,,
orange_juice,柳橙汁（100%）,USDA,SR Legacy,169098,"Orange juice, raw (Includes foods for USDA's Food Distribution Program)",closest,6.25,protein,0.7,g,0,,,,,
orange_juice,柳橙汁（100%）,USDA,SR Legacy,169098,"Orange juice, raw (Includes foods for USDA's Food Distribution Program)",closest,6.25,fat,0.2,g,0,,,,,
orange_juice,柳橙汁（100%）,USDA,SR Legacy,169098,"Orange juice, raw (Includes foods for USDA's Food Distribution Program)",closest,6.25,ash,0.4,g,0,,,,,
orange_juice,柳橙汁（100%）,USDA,SR Legacy,169098,"Orange juice, raw (Includes foods for USDA's Food Distribution Program)",closest,6.25,carbohydrate,10.4,g,0,,,,,NC: Calculated
orange_juice,柳橙汁（100%）,USDA,SR Legacy,169098,"Orange juice, raw (Includes foods for USDA's Food Distribution Program)",closest,6.25,sugars_total,8.4,g,0,,,,,BFZN: Based on another form of the food or similar food; Concentration adjustment; No adjustment; Retention factors not used
orange_juice,柳橙汁（100%）,USDA,SR Legacy,169098,"Orange juice, raw (Includes foods for USDA's Food Distribution Program)",closest,6.25,sodium,1.0,mg,0,,,,,
orange_juice,柳橙汁（100%）,USDA,Foundation,2003597,"Orange juice, no pulp, not fortified, not from concentrate, refrigerated",closest,6.25,water,88.48,g,8,,87.9,89.41,88.21,A: Analytical
orange_juice,柳橙汁（100%）,USDA,Foundation,2003597,"Orange juice, no pulp, not fortified, not from concentrate, refrigerated",closest,6.25,protein,0.8125,g,,,0.6875,0.875,0.8438,NC: Calculated
orange_juice,柳橙汁（100%）,USDA,Foundation,2003597,"Orange juice, no pulp, not fortified, not from concentrate, refrigerated",closest,6.25,fat,0.3563,g,8,,0.12,0.7,0.335,A: Analytical
orange_juice,柳橙汁（100%）,USDA,Foundation,2003597,"Orange juice, no pulp, not fortified, not from concentrate, refrigerated",closest,6.25,ash,0.3388,g,8,,0.31,0.41,0.33,A: Analytical
orange_juice,柳橙汁（100%）,USDA,Foundation,2003597,"Orange juice, no pulp, not fortified, not from concentrate, refrigerated",closest,6.25,carbohydrate,10.0124,g,,,,,,NC: Calculated
orange_juice,柳橙汁（100%）,USDA,Foundation,2003597,"Orange juice, no pulp, not fortified, not from concentrate, refrigerated",closest,6.25,sugars_total,8.077,g,,,,,,AS: Summed
orange_juice,柳橙汁（100%）,USDA,Foundation,2003597,"Orange juice, no pulp, not fortified, not from concentrate, refrigerated",closest,6.25,sodium,0.075,mg,8,,0.0,0.6,0.0,A: Analytical
orange_juice,柳橙汁（100%）,TFND,食品營養成分資料集,O0100401,柳橙汁(100%),exact,,water,88.1,g,1,,,,,
orange_juice,柳橙汁（100%）,TFND,食品營養成分資料集,O0100401,柳橙汁(100%),exact,,protein,0.6,g,1,,,,,
orange_juice,柳橙汁（100%）,TFND,食品營養成分資料集,O0100401,柳橙汁(100%),exact,,fat,0.3,g,1,,,,,
orange_juice,柳橙汁（100%）,TFND,食品營養成分資料集,O0100401,柳橙汁(100%),exact,,ash,0.4,g,1,,,,,
orange_juice,柳橙汁（100%）,TFND,食品營養成分資料集,O0100401,柳橙汁(100%),exact,,carbohydrate,10.7,g,,,,,,
orange_juice,柳橙汁（100%）,TFND,食品營養成分資料集,O0100401,柳橙汁(100%),exact,,sugars_total,7.9,g,,,,,,
orange_juice,柳橙汁（100%）,TFND,食品營養成分資料集,O0100401,柳橙汁(100%),exact,,sodium,8.0,mg,1,,,,,
