D#group,D#student,D#item,i#rep,C#value,i#unit,C#temp_C,mS#note
1,G1_S1,pipette_10mL,1,9.9608,g,24.2,
1,G1_S1,burette_25mL,1,24.9056,g,25.5,
1,G1_S1,pipette_10mL,2,9.9624,g,24.3,
1,G1_S1,burette_25mL,2,24.9293,g,24.7,
1,G1_S1,pipette_10mL,3,9.9684,g,25.3,
1,G1_S1,burette_25mL,3,24.9003,g,24.9,
1,G1_S1,pipette_10mL,4,9.96,g,25.1,
1,G1_S1,burette_25mL,4,24.9088,g,25.7,
1,G1_S1,pipette_10mL,5,9.9601,g,25.5,
1,G1_S1,burette_25mL,5,24.9057,g,25.9,
1,G1_S1,pipette_10mL,6,9.9613,g,25.6,
1,G1_S1,burette_25mL,6,24.921,g,24.9,
1,G1_S1,pipette_10mL,7,9.968,g,24.3,
1,G1_S1,burette_25mL,7,24.9041,g,25.5,
1,G1_S1,pipette_10mL,8,9.9616,g,24.7,
1,G1_S1,burette_25mL,8,24.934,g,24.9,
1,G1_S1,pipette_10mL,9,9.9625,g,24.3,
1,G1_S1,burette_25mL,9,24.9284,g,24.5,
1,G1_S1,pipette_10mL,10,9.9669,g,24.9,
1,G1_S1,burette_25mL,10,24.9136,g,25.7,
1,G1_S2,pipette_10mL,1,9.96,g,24.4,
1,G1_S2,burette_25mL,1,24.9105,g,25.6,
1,G1_S2,pipette_10mL,2,9.9559,g,25.4,
1,G1_S2,burette_25mL,2,24.9006,g,24.9,
1,G1_S2,pipette_10mL,3,9.9657,g,24.3,
1,G1_S2,burette_25mL,3,24.9163,g,25.3,
1,G1_S2,pipette_10mL,4,9.9566,g,25.1,
1,G1_S2,burette_25mL,4,24.9119,g,25.3,
1,G1_S2,pipette_10mL,5,9.961,g,25.1,
1,G1_S2,burette_25mL,5,24.9076,g,24.1,
1,G1_S2,pipette_10mL,6,9.959,g,24.4,
1,G1_S2,burette_25mL,6,24.8898,g,25.7,
1,G1_S2,pipette_10mL,7,9.9624,g,24.1,
1,G1_S2,burette_25mL,7,24.9176,g,24.6,
1,G1_S2,pipette_10mL,8,9.9585,g,25.1,
1,G1_S2,burette_25mL,8,24.9018,g,25.3,
1,G1_S2,pipette_10mL,9,9.9541,g,25.6,
1,G1_S2,burette_25mL,9,24.9092,g,24.0,
1,G1_S2,pipette_10mL,10,9.959,g,25.4,
1,G1_S2,burette_25mL,10,24.9118,g,24.3,
1,G1_S3,pipette_10mL,1,9.9551,g,24.6,
1,G1_S3,burette_25mL,1,24.8798,g,24.7,
1,G1_S3,pipette_10mL,2,9.9514,g,24.2,
1,G1_S3,burette_25mL,2,24.8801,g,25.8,
1,G1_S3,pipette_10mL,3,9.9623,g,24.5,
1,G1_S3,burette_25mL,3,24.904,g,25.6,
1,G1_S3,pipette_10mL,4,9.9537,g,24.9,
1,G1_S3,burette_25mL,4,24.8982,g,24.2,
1,G1_S3,pipette_10mL,5,9.089,g,24.9,possible data-entry error (數據疑似誤植)
1,G1_S3,burette_25mL,5,24.9036,g,24.6,
1,G1_S3,pipette_10mL,6,9.9486,g,24.4,
1,G1_S3,burette_25mL,6,24.8873,g,25.5,
1,G1_S3,pipette_10mL,7,9.9548,g,24.9,
1,G1_S3,burette_25mL,7,24.8932,g,25.2,
1,G1_S3,pipette_10mL,8,9.9574,g,24.2,
1,G1_S3,burette_25mL,8,24.9222,g,24.1,
1,G1_S3,pipette_10mL,9,9.957,g,24.7,
1,G1_S3,burette_25mL,9,24.8865,g,24.2,
1,G1_S3,pipette_10mL,10,9.9515,g,24.3,
1,G1_S3,burette_25mL,10,24.8776,g,25.2,
2,G2_S1,pipette_10mL,1,9.9624,g,25.6,
2,G2_S1,burette_25mL,1,24.9612,g,25.0,
2,G2_S1,pipette_10mL,2,9.9561,g,25.9,
2,G2_S1,burette_25mL,2,24.9228,g,24.9,
2,G2_S1,pipette_10mL,3,9.9609,g,24.7,
2,G2_S1,burette_25mL,3,24.9168,g,24.9,
2,G2_S1,pipette_10mL,4,9.9601,g,25.7,
2,G2_S1,burette_25mL,4,24.9074,g,24.3,
2,G2_S1,pipette_10mL,5,9.962,g,24.2,
2,G2_S1,burette_25mL,5,24.9249,g,24.6,
2,G2_S1,pipette_10mL,6,9.9605,g,25.5,
2,G2_S1,burette_25mL,6,24.9159,g,24.2,
2,G2_S1,pipette_10mL,7,9.9597,g,24.5,
2,G2_S1,burette_25mL,7,24.949,g,25.1,
2,G2_S1,pipette_10mL,8,9.9622,g,25.7,
2,G2_S1,burette_25mL,8,24.9345,g,24.6,
2,G2_S1,pipette_10mL,9,9.962,g,24.6,
2,G2_S1,burette_25mL,9,24.9117,g,24.5,
2,G2_S1,pipette_10mL,10,9.9618,g,24.3,
2,G2_S1,burette_25mL,10,24.9,g,24.9,
2,G2_S2,pipette_10mL,1,9.973,g,25.0,
2,G2_S2,burette_25mL,1,24.9045,g,25.5,
2,G2_S2,pipette_10mL,2,9.9692,g,24.7,
2,G2_S2,burette_25mL,2,24.9157,g,25.5,
2,G2_S2,pipette_10mL,3,9.9567,g,25.9,
2,G2_S2,burette_25mL,3,24.9531,g,24.2,
2,G2_S2,pipette_10mL,4,9.966,g,24.3,
2,G2_S2,burette_25mL,4,24.8933,g,25.2,
2,G2_S2,pipette_10mL,5,9.9706,g,24.6,
2,G2_S2,burette_25mL,5,24.9095,g,25.9,
2,G2_S2,pipette_10mL,6,9.9698,g,24.3,
2,G2_S2,burette_25mL,6,24.9204,g,24.5,
2,G2_S2,pipette_10mL,7,9.9545,g,25.4,
2,G2_S2,burette_25mL,7,24.8996,g,25.0,
2,G2_S2,pipette_10mL,8,9.9611,g,25.2,
2,G2_S2,burette_25mL,8,24.9289,g,25.6,
2,G2_S2,pipette_10mL,9,9.9651,g,25.5,
2,G2_S2,burette_25mL,9,24.9298,g,24.2,
2,G2_S2,pipette_10mL,10,9.965,g,24.8,
2,G2_S2,burette_25mL,10,24.9257,g,25.0,
2,G2_S3,pipette_10mL,1,9.9677,g,25.1,
2,G2_S3,burette_25mL,1,24.9228,g,24.2,
2,G2_S3,pipette_10mL,2,9.9774,g,24.8,
2,G2_S3,burette_25mL,2,24.9069,g,25.2,
2,G2_S3,pipette_10mL,3,9.9601,g,25.6,
2,G2_S3,burette_25mL,3,24.9162,g,25.6,
2,G2_S3,pipette_10mL,4,9.9665,g,24.2,
2,G2_S3,burette_25mL,4,24.8911,g,25.6,
2,G2_S3,pipette_10mL,5,9.9629,g,25.1,
2,G2_S3,burette_25mL,5,24.9349,g,25.7,
2,G2_S3,pipette_10mL,6,9.9644,g,24.8,
2,G2_S3,burette_25mL,6,24.897,g,25.3,
2,G2_S3,pipette_10mL,7,9.9757,g,24.9,
2,G2_S3,burette_25mL,7,24.9088,g,24.5,
2,G2_S3,pipette_10mL,8,9.9768,g,25.6,
2,G2_S3,burette_25mL,8,24.9188,g,24.1,
2,G2_S3,pipette_10mL,9,9.9757,g,24.3,
2,G2_S3,burette_25mL,9,24.9169,g,24.6,
2,G2_S3,pipette_10mL,10,9.9668,g,25.8,
2,G2_S3,burette_25mL,10,24.918,g,24.6,
3,G3_S1,pipette_10mL,1,9.9338,g,24.1,
3,G3_S1,burette_25mL,1,24.8693,g,25.4,
3,G3_S1,pipette_10mL,2,9.9313,g,24.6,
3,G3_S1,burette_25mL,2,24.8564,g,25.8,
3,G3_S1,pipette_10mL,3,9.9321,g,24.1,
3,G3_S1,burette_25mL,3,24.8916,g,24.5,
3,G3_S1,pipette_10mL,4,9.9283,g,24.8,
3,G3_S1,burette_25mL,4,24.875,g,24.7,
3,G3_S1,pipette_10mL,5,9.9357,g,24.2,
3,G3_S1,burette_25mL,5,24.8814,g,24.1,
3,G3_S1,pipette_10mL,6,9.9349,g,24.2,
3,G3_S1,burette_25mL,6,24.8519,g,25.8,
3,G3_S1,pipette_10mL,7,9.9293,g,25.6,
3,G3_S1,burette_25mL,7,24.8647,g,25.3,
3,G3_S1,pipette_10mL,8,9.9311,g,24.3,
3,G3_S1,burette_25mL,8,24.8873,g,25.0,
3,G3_S1,pipette_10mL,9,9.9296,g,24.9,
3,G3_S1,burette_25mL,9,24.8716,g,25.3,
3,G3_S1,pipette_10mL,10,9.9265,g,24.3,
3,G3_S1,burette_25mL,10,24.8915,g,24.8,
3,G3_S2,pipette_10mL,1,9.9555,g,25.4,
3,G3_S2,burette_25mL,1,24.8952,g,25.9,
3,G3_S2,pipette_10mL,2,9.9627,g,25.0,
3,G3_S2,burette_25mL,2,24.9164,g,25.1,
3,G3_S2,pipette_10mL,3,9.9605,g,25.3,
3,G3_S2,burette_25mL,3,24.8933,g,25.1,
3,G3_S2,pipette_10mL,4,9.9629,g,24.6,
3,G3_S2,burette_25mL,4,24.9076,g,24.4,
3,G3_S2,pipette_10mL,5,9.9563,g,25.7,
3,G3_S2,burette_25mL,5,24.9021,g,25.2,
3,G3_S2,pipette_10mL,6,9.9596,g,25.5,
3,G3_S2,burette_25mL,6,24.8863,g,25.9,
3,G3_S2,pipette_10mL,7,9.9534,g,25.9,
3,G3_S2,burette_25mL,7,24.9005,g,25.2,
3,G3_S2,pipette_10mL,8,9.9522,g,25.6,
3,G3_S2,burette_25mL,8,24.8795,g,24.5,
3,G3_S2,pipette_10mL,9,9.9612,g,24.2,
3,G3_S2,burette_25mL,9,24.9008,g,25.1,
3,G3_S2,pipette_10mL,10,9.9594,g,24.9,
3,G3_S2,burette_25mL,10,24.8955,g,25.5,
3,G3_S3,pipette_10mL,1,9.9689,g,24.2,
3,G3_S3,burette_25mL,1,24.9246,g,25.3,
3,G3_S3,pipette_10mL,2,9.9624,g,25.5,
3,G3_S3,burette_25mL,2,24.9216,g,24.7,
3,G3_S3,pipette_10mL,3,9.9598,g,25.5,
3,G3_S3,burette_25mL,3,24.9174,g,24.7,
3,G3_S3,pipette_10mL,4,9.9635,g,24.3,
3,G3_S3,burette_25mL,4,24.8994,g,25.9,
3,G3_S3,pipette_10mL,5,9.9674,g,24.8,
3,G3_S3,burette_25mL,5,24.9073,g,25.1,
3,G3_S3,pipette_10mL,6,9.9623,g,25.6,
3,G3_S3,burette_25mL,6,24.9332,g,24.8,
3,G3_S3,pipette_10mL,7,9.9628,g,25.4,
3,G3_S3,burette_25mL,7,24.9481,g,24.2,
3,G3_S3,pipette_10mL,8,9.9495,g,25.3,
3,G3_S3,burette_25mL,8,24.9107,g,25.2,
3,G3_S3,pipette_10mL,9,9.9686,g,24.0,
3,G3_S3,burette_25mL,9,24.8986,g,25.7,
3,G3_S3,pipette_10mL,10,9.9563,g,24.9,
3,G3_S3,burette_25mL,10,24.9255,g,24.6,
4,G4_S1,pipette_10mL,1,9.967,g,24.6,
4,G4_S1,burette_25mL,1,24.9274,g,24.2,
4,G4_S1,pipette_10mL,2,9.9672,g,24.2,
4,G4_S1,burette_25mL,2,24.9122,g,24.1,
4,G4_S1,pipette_10mL,3,9.9669,g,24.3,
4,G4_S1,burette_25mL,3,24.9162,g,24.4,
4,G4_S1,pipette_10mL,4,9.9628,g,25.3,
4,G4_S1,burette_25mL,4,24.9416,g,24.0,
4,G4_S1,pipette_10mL,5,9.9596,g,25.2,
4,G4_S1,burette_25mL,5,24.8792,g,24.5,
4,G4_S1,pipette_10mL,6,9.9692,g,24.1,
4,G4_S1,burette_25mL,6,24.9176,g,25.9,
4,G4_S1,pipette_10mL,7,9.9678,g,25.4,
4,G4_S1,burette_25mL,7,24.911,g,24.1,
4,G4_S1,pipette_10mL,8,9.9662,g,24.2,
4,G4_S1,burette_25mL,8,24.9182,g,25.5,
4,G4_S1,pipette_10mL,9,9.9607,g,25.7,
4,G4_S1,burette_25mL,9,24.8999,g,25.5,
4,G4_S1,pipette_10mL,10,9.9684,g,24.5,
4,G4_S1,burette_25mL,10,24.8873,g,26.0,
4,G4_S2,pipette_10mL,1,9.9563,g,25.4,
4,G4_S2,burette_25mL,1,24.8767,g,24.2,
4,G4_S2,pipette_10mL,2,9.9471,g,26.0,
4,G4_S2,burette_25mL,2,24.8743,g,25.6,
4,G4_S2,pipette_10mL,3,9.9544,g,25.1,
4,G4_S2,burette_25mL,3,24.8694,g,25.9,
4,G4_S2,pipette_10mL,4,9.9575,g,25.2,
4,G4_S2,burette_25mL,4,24.9007,g,25.3,
4,G4_S2,pipette_10mL,5,9.954,g,24.3,
4,G4_S2,burette_25mL,5,24.9196,g,24.8,
4,G4_S2,pipette_10mL,6,9.9552,g,24.2,
4,G4_S2,burette_25mL,6,24.9045,g,24.6,
4,G4_S2,pipette_10mL,7,9.9547,g,24.9,
4,G4_S2,burette_25mL,7,24.8857,g,25.3,
4,G4_S2,pipette_10mL,8,9.9457,g,24.8,
4,G4_S2,burette_25mL,8,24.8595,g,25.2,
4,G4_S2,pipette_10mL,9,9.9537,g,24.1,
4,G4_S2,burette_25mL,9,24.9031,g,24.9,
4,G4_S2,pipette_10mL,10,9.9543,g,25.1,
4,G4_S2,burette_25mL,10,24.8738,g,25.4,
4,G4_S3,pipette_10mL,1,9.9628,g,24.9,
4,G4_S3,burette_25mL,1,24.9244,g,24.7,
4,G4_S3,pipette_10mL,2,9.9629,g,25.5,
4,G4_S3,burette_25mL,2,24.9034,g,25.8,
4,G4_S3,pipette_10mL,3,9.9469,g,25.0,
4,G4_S3,burette_25mL,3,24.8715,g,24.6,
4,G4_S3,pipette_10mL,4,9.9746,g,25.0,
4,G4_S3,burette_25mL,4,24.9711,g,24.1,
4,G4_S3,pipette_10mL,5,9.959,g,24.1,
4,G4_S3,burette_25mL,5,24.8979,g,24.7,
4,G4_S3,pipette_10mL,6,9.9269,g,24.6,
4,G4_S3,burette_25mL,6,24.8185,g,24.0,
4,G4_S3,pipette_10mL,7,9.9877,g,25.7,
4,G4_S3,burette_25mL,7,24.88,g,24.3,
4,G4_S3,pipette_10mL,8,9.9054,g,24.2,
4,G4_S3,burette_25mL,8,25.026,g,25.9,
4,G4_S3,pipette_10mL,9,9.95,g,25.5,
4,G4_S3,burette_25mL,9,24.8311,g,25.4,
4,G4_S3,pipette_10mL,10,9.9649,g,24.8,
4,G4_S3,burette_25mL,10,24.9571,g,24.0,
5,G5_S1,pipette_10mL,1,9.9544,g,26.0,
5,G5_S1,burette_25mL,1,24.9065,g,25.7,
5,G5_S1,pipette_10mL,2,9.967,g,24.3,
5,G5_S1,burette_25mL,2,24.9145,g,24.8,
5,G5_S1,pipette_10mL,3,9.96,g,25.5,
5,G5_S1,burette_25mL,3,24.8807,g,24.9,
5,G5_S1,pipette_10mL,4,9.9603,g,24.4,
5,G5_S1,burette_25mL,4,24.8637,g,24.1,
5,G5_S1,pipette_10mL,5,9.9595,g,24.6,
5,G5_S1,burette_25mL,5,24.8416,g,25.2,
5,G5_S1,pipette_10mL,6,9.9565,g,24.2,
5,G5_S1,burette_25mL,6,24.8866,g,25.7,
5,G5_S1,pipette_10mL,7,9.9587,g,25.3,
5,G5_S1,burette_25mL,7,24.8871,g,25.5,
5,G5_S1,pipette_10mL,8,9.9636,g,24.7,
5,G5_S1,burette_25mL,8,24.8956,g,24.7,
5,G5_S1,pipette_10mL,9,9.9614,g,25.0,
5,G5_S1,burette_25mL,9,24.8805,g,25.7,
5,G5_S1,pipette_10mL,10,9.9557,g,25.8,
5,G5_S1,burette_25mL,10,24.8593,g,25.7,
5,G5_S2,pipette_10mL,1,9.9581,g,25.8,
5,G5_S2,burette_25mL,1,24.9005,g,24.4,
5,G5_S2,pipette_10mL,2,9.9607,g,24.4,
5,G5_S2,burette_25mL,2,24.886,g,25.9,
5,G5_S2,pipette_10mL,3,9.9543,g,24.6,
5,G5_S2,burette_25mL,3,24.8941,g,24.0,
5,G5_S2,pipette_10mL,4,9.9598,g,25.4,
5,G5_S2,burette_25mL,4,24.8963,g,26.0,
5,G5_S2,pipette_10mL,5,9.9588,g,25.0,
5,G5_S2,burette_25mL,5,24.8454,g,25.8,
5,G5_S2,pipette_10mL,6,9.9563,g,25.9,
5,G5_S2,burette_25mL,6,24.8896,g,25.7,
5,G5_S2,pipette_10mL,7,9.9533,g,25.5,
5,G5_S2,burette_25mL,7,24.8868,g,25.1,
5,G5_S2,pipette_10mL,8,9.952,g,25.9,
5,G5_S2,burette_25mL,8,24.9121,g,24.6,
5,G5_S2,pipette_10mL,9,9.9567,g,25.5,
5,G5_S2,burette_25mL,9,24.8714,g,24.2,
5,G5_S2,pipette_10mL,10,9.956,g,25.6,
5,G5_S2,burette_25mL,10,24.881,g,26.0,
5,G5_S3,pipette_10mL,1,9.9647,g,25.1,
5,G5_S3,burette_25mL,1,24.9147,g,25.8,
5,G5_S3,pipette_10mL,2,9.9628,g,24.1,
5,G5_S3,burette_25mL,2,24.9061,g,24.1,
5,G5_S3,pipette_10mL,3,9.9606,g,25.4,
5,G5_S3,burette_25mL,3,24.8997,g,25.5,
5,G5_S3,pipette_10mL,4,9.9693,g,25.5,
5,G5_S3,burette_25mL,4,24.9107,g,24.1,
5,G5_S3,pipette_10mL,5,9.9652,g,25.2,
5,G5_S3,burette_25mL,5,24.9208,g,24.0,
5,G5_S3,pipette_10mL,6,9.9685,g,25.4,
5,G5_S3,burette_25mL,6,24.9085,g,24.8,
5,G5_S3,pipette_10mL,7,9.9624,g,25.3,
5,G5_S3,burette_25mL,7,24.9245,g,25.7,
5,G5_S3,pipette_10mL,8,9.9641,g,25.7,
5,G5_S3,burette_25mL,8,24.907,g,25.2,
5,G5_S3,pipette_10mL,9,9.9681,g,24.5,
5,G5_S3,burette_25mL,9,24.9217,g,24.4,
5,G5_S3,pipette_10mL,10,9.9621,g,24.7,
5,G5_S3,burette_25mL,10,24.9299,g,25.6,
