mS#sample_id,mD#group,mD#instrument,mD#rep,cD#oil,mD#oil_zh,900.000,915.254,930.508,945.763,961.017,976.271,991.525,1006.780,1022.034,1037.288,1052.542,1067.797,1083.051,1098.305,1113.559,1128.814,1144.068,1159.322,1174.576,1189.831,1205.085,1220.339,1235.593,1250.847,1266.102,1281.356,1296.610,1311.864,1327.119,1342.373,1357.627,1372.881,1388.136,1403.390,1418.644,1433.898,1449.153,1464.407,1479.661,1494.915,1510.169,1525.424,1540.678,1555.932,1571.186,1586.441,1601.695,1616.949,1632.203,1647.458,1662.712,1677.966,1693.220,1708.475,1723.729,1738.983,1754.237,1769.492,1784.746,1800.000
EVOO_r1,0,Raman785,1,EVOO,特級初榨橄欖油,0.00532,0.01265,-0.01143,0.00423,0.00402,-0.0311,0.02537,0.02493,0.03734,0.1585,0.38683,0.60395,0.67581,0.49592,0.29205,0.15068,0.38571,0.53206,0.20976,0.01619,0.00099,0.09417,0.21649,0.48312,0.72118,0.67564,0.61249,0.38151,0.15639,0.06599,-0.02649,0.01246,-0.01905,0.15931,0.62156,1.20527,1.07928,0.44565,0.13642,0.23832,0.77309,0.86894,0.32954,0.01579,0.01114,0.06163,0.08719,0.2441,0.5761,0.78477,0.78042,0.54123,0.26555,0.14913,0.17482,0.27125,0.19811,0.10811,0.00963,-0.03987
EVOO_r2,0,Raman785,2,EVOO,特級初榨橄欖油,-0.02466,-0.03422,-0.03971,-0.03627,-0.02069,-0.0376,0.01765,-0.00972,0.03386,0.16754,0.37338,0.56036,0.63981,0.50087,0.25149,0.09454,0.36408,0.54265,0.16767,-0.01366,-0.00253,0.03287,0.19485,0.50717,0.71861,0.69465,0.5697,0.38163,0.16116,0.04039,-0.00691,0.00163,0.06811,0.18365,0.60907,1.11048,0.97802,0.44206,0.1275,0.20759,0.74014,0.83578,0.38272,0.06214,0.04818,0.01792,0.08384,0.26028,0.54492,0.76563,0.72882,0.52804,0.27127,0.15586,0.19795,0.30133,0.20122,0.08299,0.04957,0.02238
EVOO_r3,0,Raman785,3,EVOO,特級初榨橄欖油,0.00196,-0.0003,0.012,-0.00135,-0.01908,-0.01362,-0.01541,0.00713,0.01685,0.10862,0.3514,0.54405,0.60004,0.49913,0.24614,0.14463,0.34483,0.5066,0.13819,-0.00221,-0.00111,0.03089,0.1977,0.45288,0.69051,0.64728,0.55634,0.38308,0.18382,0.07637,-0.02472,0.01746,0.04628,0.18491,0.59637,1.12724,1.0312,0.4026,0.12663,0.25591,0.71373,0.85585,0.32913,0.03859,-0.00702,0.02612,0.0827,0.2681,0.4996,0.74615,0.76686,0.52927,0.23751,0.17054,0.19385,0.26633,0.20693,0.11579,0.0303,-0.02649
ROO_r1,0,Raman785,1,ROO,精製橄欖油,-0.01248,0.0157,-0.00135,-0.02155,0.01534,-0.02211,-0.04569,0.04425,-0.00115,0.15248,0.35494,0.55164,0.58066,0.49294,0.22064,0.06826,0.06104,0.09287,0.02753,0.01563,-0.00473,0.04213,0.17272,0.4585,0.67526,0.65061,0.54796,0.34333,0.14384,0.04123,0.00226,0.01403,0.02484,0.19365,0.58661,1.07088,0.93447,0.41536,0.10642,0.0285,0.10649,0.13849,0.05064,0.0006,0.02615,0.0232,0.08905,0.26264,0.52102,0.71256,0.7079,0.50344,0.25093,0.11296,0.22085,0.24877,0.20765,0.06421,0.05245,-0.00179
ROO_r2,0,Raman785,2,ROO,精製橄欖油,0.01068,0.00894,0.00936,0.02136,0.01333,0.03127,0.00304,-0.00034,0.0539,0.17286,0.38862,0.6002,0.6161,0.51093,0.29989,0.11076,0.07054,0.09549,0.02074,0.01987,0.01101,0.08146,0.21867,0.47347,0.70572,0.70455,0.5509,0.36212,0.11683,0.06048,-0.00572,-0.04128,-0.01509,0.15809,0.62625,1.11208,0.99767,0.40376,0.06337,0.05577,0.11388,0.11999,0.07176,-0.0175,-0.01208,0.03127,0.10899,0.236,0.53782,0.72158,0.73835,0.49818,0.21534,0.14486,0.20376,0.23655,0.17971,0.09883,-0.01813,-0.0412
ROO_r3,0,Raman785,3,ROO,精製橄欖油,0.03889,0.01775,-0.00613,-0.00154,0.06757,-0.00215,-0.00449,0.02396,0.06483,0.16082,0.33837,0.54999,0.65154,0.49301,0.23244,0.13024,0.09421,0.08224,0.02438,0.01095,-0.00324,0.02523,0.21124,0.45074,0.6897,0.64545,0.55083,0.36167,0.19582,0.0204,-0.02233,-0.01168,-0.00237,0.1483,0.60968,1.11133,1.00557,0.40452,0.14201,0.07766,0.0989,0.0735,0.04447,0.00378,-0.0487,0.013,0.06806,0.21732,0.50961,0.74288,0.71127,0.49933,0.23134,0.12312,0.18516,0.24761,0.16851,0.02723,0.02022,-0.04117
SOY_r1,0,Raman785,1,SOY,大豆油,-0.01813,-0.04098,-0.04581,0.00743,-0.01571,-0.00386,0.0056,-0.0056,0.02523,0.12028,0.2835,0.53759,0.63559,0.48552,0.26375,0.08781,0.03634,0.03903,-0.01577,-0.01084,-0.02905,0.07916,0.26391,0.63328,0.89662,0.8173,0.5836,0.37285,0.12337,0.04779,0.00893,-0.02964,0.04932,0.14917,0.61806,1.09048,0.99654,0.45199,0.07866,-0.00457,0.0406,0.06623,0.01761,-0.00117,0.02233,-0.02219,0.10147,0.30246,0.68859,0.96947,0.96063,0.67531,0.31677,0.18966,0.2046,0.26203,0.19678,0.11946,0.03555,0.03107
SOY_r2,0,Raman785,2,SOY,大豆油,0.01946,0.01477,0.01379,-0.00073,-0.00156,0.02253,0.05132,-0.00141,0.06141,0.15149,0.38175,0.59912,0.68045,0.45293,0.26008,0.08435,0.04326,0.02008,-0.00072,0.01775,0.04955,0.01137,0.26636,0.64213,0.87998,0.80129,0.56708,0.34427,0.16946,0.06148,0.00771,-0.01529,0.02252,0.15711,0.6178,1.10814,0.96894,0.42749,0.06519,0.03433,0.05807,0.01606,0.02269,-0.02052,0.02134,0.03779,0.09682,0.33812,0.66504,0.96465,0.96397,0.66789,0.32351,0.17429,0.18665,0.26524,0.2104,0.0681,-0.01557,0.00923
SOY_r3,0,Raman785,3,SOY,大豆油,-0.0241,0.00691,0.03202,-0.03606,0.01098,-0.00479,-0.01453,0.02043,0.02093,0.16327,0.3951,0.60126,0.65066,0.47947,0.2483,0.06608,0.07529,0.02745,-0.01113,-0.02411,-0.01173,0.06055,0.25056,0.68036,0.88085,0.80728,0.6111,0.39865,0.18412,0.03088,0.01111,0.00478,0.03217,0.17096,0.60084,1.10334,1.00546,0.40993,0.11967,0.0212,0.01691,0.03654,0.00719,-0.00032,0.02205,-0.00534,0.06973,0.33509,0.68737,1.00417,1.00782,0.68495,0.35743,0.16193,0.20959,0.2439,0.177,0.09799,0.03097,-0.0376
CAN_r1,0,Raman785,1,CAN,芥花油,0.01848,-0.01614,-0.0064,-0.03089,0.0477,0.00719,0.01676,0.01955,0.05926,0.15609,0.33501,0.57062,0.62331,0.50472,0.23893,0.08315,0.05164,0.05402,0.0103,-0.01415,0.00452,0.04682,0.27528,0.57674,0.8059,0.73902,0.54644,0.37279,0.18351,0.05052,0.00534,0.02355,0.01329,0.17214,0.57057,1.04515,0.95671,0.41659,0.12646,0.01497,0.03704,0.01909,-0.01931,-0.03146,0.01411,-0.00094,0.11732,0.31421,0.59295,0.89936,0.86918,0.61973,0.29449,0.18307,0.17774,0.25946,0.18129,0.08159,0.03523,0.00906
CAN_r2,0,Raman785,2,CAN,芥花油,0.00879,-0.03473,0.00439,0.00688,-0.02132,0.00179,-0.03105,0.03213,0.03405,0.14407,0.37395,0.56829,0.6514,0.47103,0.24826,0.06708,0.03355,0.04817,0.01045,0.01627,-0.01477,0.03974,0.23467,0.58745,0.81233,0.75587,0.58763,0.35729,0.15467,0.06617,-0.00563,0.00586,0.05398,0.16449,0.61861,1.08784,1.01619,0.37925,0.06979,0.00154,0.07167,0.05196,0.01523,-0.01939,0.01438,0.02785,0.08639,0.26776,0.59875,0.90145,0.90194,0.62123,0.30895,0.13724,0.20752,0.23807,0.20134,0.10021,0.01394,-0.01041
CAN_r3,0,Raman785,3,CAN,芥花油,-0.01625,-0.06341,-0.00426,0.00942,0.0194,-0.01636,-0.01439,-0.00236,0.05972,0.1296,0.36163,0.57347,0.66769,0.47892,0.27761,0.09001,0.03628,0.04064,0.0306,-0.03398,0.02729,0.07156,0.24694,0.62345,0.83558,0.80693,0.58226,0.3549,0.18478,0.08471,0.0189,0.0199,0.01262,0.14069,0.61876,1.16456,0.97035,0.42694,0.056,0.02422,0.0566,0.01994,0.01125,0.03113,0.00359,-0.0005,0.07491,0.26448,0.6537,0.90843,0.94272,0.65409,0.30575,0.16442,0.22543,0.26656,0.20871,0.05717,0.04243,-0.01113
COC_r1,0,Raman785,1,COC,椰子油,0.01461,0.0479,-0.00171,-0.02105,0.04781,0.00844,0.00085,-0.0085,0.02562,0.17461,0.33006,0.53082,0.59471,0.49812,0.23751,0.10642,0.03711,0.02121,-0.01157,0.01564,0.03469,0.00475,0.00152,0.03394,0.15935,0.32261,0.45915,0.38417,0.15208,0.06384,0.01177,0.00016,0.02575,0.18327,0.61802,1.10692,1.02092,0.4223,0.07548,-0.01968,0.01197,-0.00763,-0.00651,0.00714,-0.0021,0.0185,0.00889,0.00728,0.02951,0.04366,0.06653,0.03755,0.02101,0.0854,0.16552,0.21825,0.14507,0.08155,0.01789,-0.00255
COC_r2,0,Raman785,2,COC,椰子油,0.0038,0.01268,0.00521,0.00459,-0.00215,0.01382,0.01254,0.00011,0.06491,0.17069,0.37276,0.5721,0.63784,0.47216,0.28007,0.05757,0.02667,0.01136,0.02415,0.00324,-0.01604,-0.02188,0.00697,0.06583,0.16617,0.34375,0.47502,0.40257,0.21237,0.02908,0.00814,0.03403,0.0333,0.16515,0.66635,1.17496,1.05628,0.48705,0.13267,-0.02251,0.02587,0.05238,-0.00757,0.0024,0.02633,-0.01274,0.01099,0.01402,-0.0014,0.06272,0.05184,0.05657,0.07145,0.08479,0.16442,0.24845,0.18809,0.09588,-0.01663,-0.02892
COC_r3,0,Raman785,3,COC,椰子油,-0.00645,-0.01867,-0.02016,-0.0169,-0.0238,-0.01136,-0.01356,0.03154,0.04354,0.12118,0.3181,0.56177,0.61104,0.46916,0.25906,0.12022,0.00205,-0.00357,-0.03359,0.00801,-0.00899,-0.01114,0.00169,0.07132,0.15153,0.31793,0.48822,0.36475,0.15699,0.10025,-1e-05,-0.00858,0.00776,0.16466,0.63894,1.1494,1.01838,0.43163,0.06438,0.02126,0.04664,0.03959,0.00574,0.01981,-0.00445,0.00351,-0.01501,0.01645,0.04688,0.05893,0.07793,0.08402,0.06525,0.07268,0.16036,0.22677,0.16806,0.08546,0.0335,0.01234
PEA_r1,0,Raman785,1,PEA,花生油,-0.00422,-0.01638,0.03302,0.01953,-0.01952,-0.0193,-0.01174,0.00842,0.06849,0.17111,0.37799,0.60111,0.67012,0.5139,0.27386,0.09615,0.00578,0.02763,0.0443,-0.01033,-0.00679,0.06575,0.19117,0.44056,0.6799,0.67151,0.57441,0.3651,0.17646,0.05091,0.02203,0.02498,0.04447,0.17048,0.63714,1.11197,1.02061,0.4503,0.08599,0.0057,0.03638,0.01876,0.02501,0.00947,-0.01545,0.01852,0.0963,0.24802,0.49573,0.6852,0.68022,0.46698,0.25288,0.1939,0.22645,0.28676,0.22386,0.05402,0.0181,-0.00428
PEA_r2,0,Raman785,2,PEA,花生油,-0.03016,-0.01554,-0.0046,-0.02494,-0.02716,-0.02745,0.00553,-0.02181,0.05627,0.1467,0.37281,0.61894,0.64597,0.49002,0.27363,0.0735,0.02036,0.02243,0.00571,-0.02981,-0.00665,0.05409,0.21851,0.42179,0.69241,0.69506,0.55341,0.35762,0.17932,0.03612,0.00966,0.02,0.01652,0.17737,0.65478,1.19117,1.07794,0.48814,0.10591,0.02204,0.09143,0.06308,0.03374,-0.01125,0.02663,0.01068,0.07673,0.21639,0.48975,0.72121,0.68937,0.48306,0.2587,0.13851,0.19235,0.25971,0.18877,0.11544,0.01778,0.03508
PEA_r3,0,Raman785,3,PEA,花生油,0.08436,0.07332,-0.02592,0.07712,0.09542,-0.10389,0.01734,-0.04651,-0.03909,0.22329,0.35873,0.61722,0.94189,0.93964,0.93466,1.10447,0.87095,0.93841,0.66166,0.60224,0.4272,0.3771,0.1926,0.45293,0.78173,0.63346,0.64495,0.26899,0.29698,0.14622,0.04612,-0.10811,0.00168,0.20366,0.68012,1.14918,1.01715,0.47974,0.25868,-0.14959,-0.11004,-0.12124,-0.02639,-0.14535,0.08307,-0.02646,0.03923,0.09039,0.50763,0.71313,0.72655,0.39957,0.32693,-0.01346,0.33702,-0.04773,0.13675,-0.03545,0.0907,-0.17946
