mS#sample_id,mD#group,mD#instrument,mD#rep,mD#role,1100,1126.53,1153.06,1179.59,1206.12,1232.65,1259.18,1285.71,1312.24,1338.78,1365.31,1391.84,1418.37,1444.9,1471.43,1497.96,1524.49,1551.02,1577.55,1604.08,1630.61,1657.14,1683.67,1710.2,1736.73,1763.27,1789.8,1816.33,1842.86,1869.39,1895.92,1922.45,1948.98,1975.51,2002.04,2028.57,2055.1,2081.63,2108.16,2134.69,2161.22,2187.76,2214.29,2240.82,2267.35,2293.88,2320.41,2346.94,2373.47,2400
CAL-000,0,m5_demo,1,calibration,0.0019026,-0.00460417,-0.00897976,0.00071737,0.00159434,0.00039016,-0.00117444,0.01071549,0.03042999,0.08055851,0.16658277,0.27797631,0.38640714,0.44551339,0.41854221,0.3197991,0.20550393,0.11059899,0.04948892,0.01932123,0.02115705,0.04942411,0.12327219,0.21883976,0.28592351,0.28242033,0.21702626,0.1221423,0.05501859,0.01203336,0.0024982,0.00383018,0.00453058,-0.00310915,-0.00200708,0.00739684,0.00146008,-0.00061248,0.00195583,-0.0022001,-0.00665915,0.00010457,-0.00139801,-0.00244409,3.116e-05,-0.00351938,-0.00197425,-0.00746316,0.00476937,0.00569613
CAL-001,0,m5_demo,1,calibration,-0.00456273,-0.00638449,0.00155319,0.00317235,-0.00173909,-0.00392943,0.00972925,0.00613698,0.02850546,0.06879834,0.14047955,0.24077692,0.33367032,0.36982473,0.35328106,0.27833234,0.17518282,0.0888652,0.04307317,0.01514166,0.0167524,0.04573931,0.09895107,0.17701364,0.22731894,0.22458084,0.17359231,0.09631911,0.0417398,0.0140032,0.0016402,0.00166639,0.00075118,0.000694,-0.00382191,0.00229304,0.00040567,-0.00061574,-0.00059461,-0.00267709,-0.00279745,0.0074494,0.00070698,0.00295236,0.00271996,-0.003015,-0.00059568,-0.00216668,0.0020713,0.00142037
CAL-002,0,m5_demo,1,calibration,-0.00386826,0.00372906,0.00361393,-0.00554859,0.00152927,0.00150941,-0.0048169,0.00323289,0.02609284,0.05512613,0.115626,0.20911976,0.28305857,0.33226211,0.31401925,0.24246004,0.15696375,0.08080636,0.03460312,0.01233731,0.02673359,0.05350505,0.13495592,0.23391974,0.30876073,0.3052004,0.22749174,0.13303782,0.05998948,0.01880709,-0.00010965,0.00465255,-0.01030375,-0.00050993,0.00366284,0.00413907,-0.00058519,0.00483827,0.00691345,-0.00109361,0.00441839,0.00025507,0.00433135,-0.00473798,0.0029864,0.00502549,0.00455022,0.00039888,-0.00792946,0.00114476
CAL-003,0,m5_demo,1,calibration,-0.00927302,0.00056534,0.00080748,0.002606,-0.00226789,0.00336314,0.00141228,0.00561267,0.03172434,0.0867172,0.16127384,0.27251684,0.3833248,0.43579093,0.41059506,0.30878392,0.19717084,0.1139846,0.0469473,0.01737315,0.02881659,0.06161269,0.12963142,0.23819665,0.31458027,0.31431698,0.23787722,0.13171265,0.05712162,0.02005492,0.00384704,2.242e-05,0.00390017,-0.00117723,0.00051973,-0.0035081,-0.00474495,0.002044,-0.00389119,0.0005334,0.00359329,-0.00196727,0.00847159,0.00461973,-0.00309977,0.00852922,0.0020504,0.00433714,-0.00188458,0.00143631
CAL-004,0,m5_demo,1,calibration,-0.00094282,0.00131173,-0.00268107,-0.00193139,-0.00284946,-0.00820679,-0.0006034,0.01162604,0.02709348,0.07615336,0.17076595,0.27271356,0.38868792,0.44804562,0.42253056,0.32681598,0.20834873,0.10829677,0.04302045,0.01143453,0.02677924,0.04645125,0.1099646,0.18789948,0.2544844,0.24867721,0.18870318,0.11009506,0.05405578,0.01723039,0.01179906,0.0017694,0.0009345,0.00582421,5.149e-05,-0.00592249,0.0020597,0.00159546,0.00075212,0.00182409,-0.00136264,-0.0003546,-0.00515224,0.00299239,-0.00273664,0.00489243,0.00040108,-0.00340646,0.00278982,0.00143992
CAL-005,0,m5_demo,1,calibration,0.00174363,0.00020653,-0.00223804,0.00600093,-0.00609939,-0.00356131,0.00781638,0.01686333,0.02283264,0.08350699,0.15979558,0.25840916,0.36827484,0.42027059,0.40017891,0.30851009,0.20216883,0.10418743,0.04892836,0.02523152,0.02256637,0.06957006,0.16284903,0.28347101,0.37138947,0.37596836,0.27753159,0.15823134,0.07115117,0.02505599,0.00118673,0.00187581,0.00236911,0.00375914,0.00258401,0.00065622,-0.00420366,-0.00673405,-0.00342906,-0.00278538,-0.00182215,0.00101381,0.00210009,0.00799214,-0.0067814,-0.00365384,-0.00682778,-0.00464823,-0.00578516,-0.00374091
CAL-006,0,m5_demo,1,calibration,-0.00381137,-0.00518913,-0.00299634,0.00274527,0.00249321,-0.00022224,0.004843,-0.00234478,0.01525665,0.05178556,0.0986922,0.16735229,0.23495606,0.26925449,0.25809192,0.20347281,0.12032305,0.06148064,0.02680174,0.01544393,0.02377669,0.05614677,0.13151656,0.22682225,0.30365387,0.29387451,0.23086978,0.13002509,0.05120391,0.01782128,-0.0006229,0.00525309,0.00440711,0.00035122,-0.00700311,-0.00825588,0.00029118,-0.00458719,0.00817066,-0.00602901,-0.00631206,0.00367384,0.00809268,-0.00667625,0.00321517,0.00153538,-0.0017313,-0.00557353,-0.00303391,-0.00188393
CAL-007,0,m5_demo,1,calibration,0.00227189,0.002244,-0.00150131,-0.00820613,-0.00265086,-0.00183703,-0.00278497,0.00878037,0.02825632,0.06064584,0.11769665,0.19538414,0.28312671,0.3266009,0.30409386,0.2354985,0.15079122,0.07789686,0.03010835,0.02315408,0.02394912,0.05556871,0.11489015,0.20433429,0.25880868,0.26619463,0.20075865,0.11117126,0.04559401,0.00902274,0.00517466,0.00128741,0.00190598,-0.00273231,0.00324184,0.00859596,-0.00207186,0.0024587,-0.01073495,0.00701751,0.00595464,0.00024262,0.00289034,-0.00600205,0.00452515,-0.00400581,-0.00136645,-0.00218806,0.00373103,0.00089242
CAL-008,0,m5_demo,1,calibration,0.00098087,0.00429567,-0.00485871,0.00194865,0.0038438,0.0090579,0.00768927,0.00598325,0.03463284,0.071088,0.15733191,0.26774374,0.37738902,0.42717171,0.40346926,0.31429816,0.19935511,0.10576305,0.04360145,0.02141059,0.03077752,0.07159838,0.15862206,0.2767082,0.35804534,0.36955493,0.28194873,0.16195279,0.06217722,0.01934738,0.00272086,0.00193798,-0.00192482,0.00076725,0.00277487,0.00025735,0.00655777,0.00461444,0.00106253,-0.00249788,0.00032333,-0.00213037,-0.0049753,0.00063636,0.00522908,-0.00163445,-0.00372162,0.00033958,-0.00247651,0.00361733
CAL-009,0,m5_demo,1,calibration,-0.00098626,0.00029191,-0.00074776,0.00041051,-0.00326912,0.00125863,0.00026304,0.00834011,0.03521866,0.07836569,0.1722876,0.29568978,0.41219795,0.47488542,0.44986127,0.34512628,0.21976679,0.11466634,0.05046072,0.0211141,0.03284421,0.04761782,0.11866476,0.20515701,0.26946936,0.26648552,0.20343083,0.119028,0.04599287,0.02070532,0.00501615,0.0068518,0.00087163,0.00091181,0.00096042,0.00515146,-0.00118883,0.00591081,0.00113272,-0.00641874,-0.00102125,0.00574376,-0.00013074,-0.00534655,0.00188727,-0.00070158,0.00267072,-0.00164582,0.00482172,0.00236445
CAL-010,0,m5_demo,1,calibration,0.00051472,-0.00515506,-0.00150225,0.00655895,0.00992867,0.00367732,0.00190203,0.01123409,0.02258733,0.05334299,0.11921583,0.19713914,0.28259585,0.32494296,0.30868483,0.24489502,0.14957528,0.0831475,0.03440282,0.01994887,0.02188309,0.05563084,0.12661485,0.21970947,0.29183378,0.30388332,0.22110511,0.12647933,0.0517493,0.01272748,0.00680901,-0.00242717,-0.00545968,-0.00461023,-0.00061928,0.00344292,-0.00209968,0.00999109,-0.00501666,0.00409749,-0.00695853,-0.00066559,0.00061903,-0.00430291,0.00014018,0.00045389,-0.00090694,0.00473641,-0.00074087,0.00542197
CAL-011,0,m5_demo,1,calibration,-0.00397772,0.00093796,-0.00039095,-0.00239737,0.00132921,-0.00214871,0.00486226,0.00566801,0.03216432,0.07861776,0.17174019,0.28029595,0.38555906,0.43816674,0.41859085,0.32459321,0.21438162,0.11805149,0.04746701,0.01848049,0.02356991,0.0371986,0.09264064,0.17159662,0.21946001,0.21979277,0.1661402,0.09097356,0.03800103,0.01288671,-0.00341731,-0.00096671,0.00289809,-0.00077478,-0.00953352,0.00051587,0.00317031,-0.00100948,0.0055042,0.00129999,0.00058148,-0.00154994,-0.00616162,-0.00407189,-0.00230112,-0.00731136,0.00240351,-0.00432766,-0.00646481,6.848e-05
CAL-012,0,m5_demo,1,calibration,-0.00312352,-0.00335961,-0.00200955,0.00649674,-0.00252838,0.00230258,0.00376205,0.0102097,0.03181664,0.07949214,0.17165152,0.28691304,0.39213283,0.46109073,0.43327904,0.33741127,0.21810979,0.10763204,0.04880676,0.02209561,0.0167795,0.04797391,0.1043014,0.19232454,0.24668816,0.24040326,0.18084678,0.10281095,0.04276105,0.01966877,0.00013537,-0.00531016,0.00203805,0.0025771,0.0050455,-0.00378413,-0.00120293,-0.002329,0.00147079,0.00480498,-0.00180176,-0.00537364,0.00034603,-0.00548296,-0.01016689,0.00113817,0.00379708,-0.00686295,-2.748e-05,-0.00415476
CAL-013,0,m5_demo,1,calibration,-0.00278977,0.0002342,-0.00151627,-0.00444299,0.00773617,-6.667e-05,0.00665775,0.00670845,0.03221408,0.07417601,0.14445654,0.24602534,0.35123255,0.39929645,0.37034164,0.2866536,0.17975247,0.10049958,0.04504814,0.01706426,0.0331673,0.06597439,0.15667263,0.27581845,0.35376962,0.35462869,0.26542597,0.15290614,0.05863549,0.02691685,0.00829108,0.00064649,-0.00159888,0.00253056,-0.00422157,-0.00337171,-0.00078335,0.00205306,-0.00539755,-0.00843028,-0.00496567,0.00127366,0.00252737,0.00446459,0.00435363,-0.00942643,0.00792131,-0.00478015,0.00559113,0.00041747
CAL-014,0,m5_demo,1,calibration,-0.0015275,0.00218751,-0.00295334,-0.00774436,-0.00099638,-0.0040283,0.00425876,0.00769603,0.02293297,0.05633044,0.11847383,0.21221017,0.28907558,0.33477067,0.315107,0.2389694,0.15301914,0.08563043,0.03195386,0.01564656,0.02201521,0.0523736,0.10517816,0.18457175,0.25079722,0.24736608,0.19218666,0.1104293,0.03925368,0.01405441,0.00037179,0.00054444,0.00455676,0.00174786,0.00359238,1.116e-05,-0.01076405,-0.01182784,-0.00127078,0.00297673,-0.00123435,0.00068404,-0.00603153,0.00355075,-0.00993847,-0.00539668,-0.00618511,0.0042259,-0.00560183,0.00483822
CAL-015,0,m5_demo,1,calibration,-0.00076443,-0.00608837,-0.00418993,0.00221792,-0.00357539,0.00487485,-0.00055162,0.01494629,0.02337034,0.06989331,0.13606864,0.22959865,0.32142084,0.37035324,0.34626092,0.26494139,0.17027079,0.0901919,0.03693974,0.02069709,0.01550175,0.04286271,0.11039243,0.18972383,0.260805,0.26202945,0.18634317,0.11065438,0.04626434,0.01818383,0.00299206,0.00399844,-0.00010678,0.00284969,-0.00394637,0.00579673,-0.0063786,-0.00582739,0.00130833,0.00385776,0.00108363,-0.01066086,-0.00554615,0.00098231,0.00026092,0.0004965,-0.00117548,-0.00106792,0.00055266,0.00503786
CAL-016,0,m5_demo,1,calibration,0.00271199,-0.00203001,0.00241222,0.00112496,-0.00383607,0.00412528,0.00287251,0.0075972,0.02885784,0.05674424,0.14742735,0.23746763,0.33057932,0.37659523,0.35952968,0.28032109,0.1812072,0.09006533,0.04842165,0.01627239,0.02089445,0.06449228,0.12345122,0.20306686,0.28030003,0.28201623,0.20935314,0.12131024,0.05704437,0.01415795,0.00211854,0.00361226,-0.00142282,-0.0008847,0.00178971,0.0042722,0.00426693,0.00844492,0.0035712,0.00176392,-0.00855038,-6.15e-06,-0.0026227,-0.00649923,9.257e-05,0.00183295,-0.00250779,0.00283295,-0.00449439,-0.00281062
CAL-017,0,m5_demo,1,calibration,0.00442056,0.00223832,0.00193778,-0.00135515,0.0030101,-0.0043264,0.00254255,0.01057679,0.03006656,0.083042,0.16483747,0.2723814,0.37817939,0.43390303,0.41111155,0.31708841,0.20205144,0.10713491,0.05050127,0.0220356,0.01816545,0.05095101,0.10718058,0.19937129,0.26693008,0.2583903,0.19844511,0.11582976,0.04537938,0.01885218,0.00910999,-0.00034848,0.00367295,0.00216752,-0.00378901,0.00340448,0.00753917,0.00096927,0.00195689,-0.00340761,-0.00381021,-0.00183311,0.00123594,0.0016712,0.00172741,0.00368889,0.0023287,-0.00055804,0.00332447,-0.0028159
CAL-018,0,m5_demo,1,calibration,0.00749248,-0.00291754,0.00016872,-0.00381561,0.00582068,0.00285282,-0.00028258,0.00730335,0.03572632,0.07423916,0.16531756,0.27428227,0.38874023,0.44797786,0.41758335,0.3254511,0.20744043,0.10456722,0.0454024,0.01703405,0.01452144,0.03503728,0.10964719,0.18014098,0.24315684,0.24312892,0.17937721,0.10547626,0.04695429,0.01297464,0.00103561,0.00231551,0.00062286,-0.00206976,0.0035937,-0.00526564,0.00412517,0.00042514,-0.00458928,0.00166609,-0.00303543,0.00015307,-0.00062754,-0.00279601,0.00560655,-0.00032451,-0.00080428,0.00352304,0.00197528,-0.00016115
CAL-019,0,m5_demo,1,calibration,0.00091009,-0.00496864,0.00534759,-0.00622959,0.00618041,0.00284064,0.00058626,0.00539831,0.01794649,0.05664892,0.13511057,0.2221086,0.30821901,0.35171456,0.32286971,0.25750139,0.15877439,0.07768601,0.03462862,0.01443129,0.02367295,0.04238956,0.10320508,0.18790757,0.25407325,0.24115501,0.18866513,0.1113345,0.05310655,0.01665512,0.00681275,-0.00045686,-0.00091978,3.555e-05,-0.00378506,0.00046933,0.00093872,0.00391788,0.00715319,0.00135821,0.0017631,0.00152082,-0.00721147,0.00191431,0.00013742,-0.00353879,0.0016392,-0.00495315,0.00326247,-0.00244929
CAL-020,0,m5_demo,1,calibration,-0.00435468,-0.00143007,-0.0004369,-0.00492646,-0.00801036,0.00575095,-0.00262386,0.00666247,0.02688068,0.06559753,0.14407163,0.24841063,0.35241657,0.39928902,0.37449423,0.28227663,0.18657224,0.09390417,0.04959845,0.01540125,0.01644838,0.05440331,0.12679519,0.21014262,0.27844859,0.2842588,0.20870872,0.12026507,0.04784537,0.01376599,0.00547655,0.00313178,0.00195791,-0.00470816,0.00021755,0.00097249,-0.00473703,-0.00178566,0.00243893,0.00409003,0.00483171,-0.00398287,-0.00321146,-0.00034944,-0.00233648,-0.00463879,-0.00079521,0.00015697,0.00406641,8.64e-06
CAL-021,0,m5_demo,1,calibration,-0.00473289,0.00455376,-0.00311871,0.0039269,-0.00012144,-0.00197324,0.01024035,0.00768288,0.01944011,0.06767059,0.14439503,0.25249503,0.34523102,0.39403586,0.37046849,0.28380478,0.18365623,0.09822311,0.04437024,0.01943229,0.01829367,0.06299574,0.15111146,0.26368223,0.35349864,0.35311754,0.2666673,0.15667169,0.06781182,0.02181179,0.01104323,-0.00136591,0.00371607,-0.00736936,-0.00039245,0.00393079,0.00735609,-0.0078923,-0.00487782,-0.00091799,-0.00521345,-0.00187592,0.00014437,0.0057881,-0.00356896,0.00238384,-0.00620203,0.00462433,0.00182354,0.00223841
CAL-022,0,m5_demo,1,calibration,-0.00136594,0.00484112,0.00285305,-0.00688605,0.00543405,0.00875776,0.00469891,0.00854286,0.02918314,0.07932786,0.14340165,0.23886988,0.34645053,0.3924275,0.3670799,0.28643613,0.17876884,0.10096234,0.04367509,0.01703486,0.01623263,0.05422096,0.13302819,0.2431143,0.31983357,0.31713614,0.24183258,0.14116785,0.05930537,0.02401076,0.0007071,0.00020499,0.00351316,-0.00144319,-0.00058317,-0.0091996,0.00199281,0.0020519,-0.00249237,-0.00198793,0.00051876,0.00396922,-0.00895686,-0.01046575,0.00262494,0.00617154,0.00024864,-0.00160734,-0.00072772,-5.321e-05
CAL-023,0,m5_demo,1,calibration,0.00044139,0.0064338,-0.00618741,0.0029481,0.00110952,0.00266436,-0.00588253,0.01398062,0.02276516,0.07544817,0.16194893,0.27771312,0.3896232,0.44203854,0.42244383,0.32660923,0.21002288,0.1098133,0.04623566,0.02711694,0.02639317,0.06945638,0.16407434,0.28884719,0.3803563,0.37580245,0.28794691,0.16332484,0.06240112,0.02255609,0.00467547,-0.00101263,-0.00180123,-0.00258545,-0.00218403,3.816e-05,0.0044067,-0.00301566,0.00826658,-0.0040253,0.00649452,-0.00266351,-0.00033508,-0.00194512,0.00723882,-0.00149772,0.00144433,-0.00529277,-0.00120704,-0.00435992
CAL-024,0,m5_demo,1,calibration,-0.00022021,-0.00807917,-0.00725366,0.00568115,-0.00082833,-0.0033133,0.00648759,0.00612368,0.03053746,0.06848972,0.13822175,0.24167897,0.33236936,0.37965033,0.35189001,0.28954975,0.17173743,0.08951867,0.03269109,0.010361,0.02300831,0.05465293,0.10558275,0.19275705,0.25803387,0.25713619,0.19504,0.11469918,0.040503,0.01755534,0.00863268,0.00457135,0.00033393,0.0019512,0.001923,0.00544185,-0.00079631,-0.00057622,-0.00727538,-4.67e-06,-0.00172264,0.00491226,-0.00281187,0.00177572,0.00101087,-0.00142791,0.00385981,0.00019215,0.00228343,-0.00069728
CAL-025,0,m5_demo,1,calibration,-0.00123594,-0.00712508,0.00139312,-0.00076041,-0.00750272,-0.00086157,0.00034206,0.0127432,0.02675506,0.07204554,0.1451628,0.24297832,0.34515279,0.39341461,0.36683091,0.28430098,0.17864344,0.09461168,0.04414223,0.02937588,0.02275946,0.05685807,0.12977869,0.21891438,0.29127708,0.29978399,0.22563965,0.13108075,0.05529921,0.01125499,0.00462911,-0.00740805,0.00220506,0.00111973,-0.00326296,-0.00346666,-0.00363769,-0.00359326,0.00140374,0.00201045,-0.00297089,0.00055107,0.00567992,-0.00162065,0.0010321,-0.00375828,-0.00802675,-0.00159198,-0.00281568,0.00503006
CAL-026,0,m5_demo,1,calibration,-0.00322549,-0.00044548,-0.00048757,-0.00108554,0.00831052,0.0004637,-0.00223417,0.00340825,0.02039356,0.05429241,0.12063862,0.20095143,0.28071087,0.31984052,0.30825809,0.23630446,0.14816267,0.0819161,0.03725252,0.02126675,0.01772394,0.06186875,0.13178919,0.22678501,0.30280299,0.3023779,0.22227737,0.12339396,0.04815245,0.01425193,0.00067589,0.00322883,-0.00186373,-0.0033379,0.00230718,0.00149735,0.00150436,0.00562998,-0.00142758,-0.00112289,0.0076583,0.00530213,-0.00717179,-0.00039293,0.00128463,0.00844982,-4.245e-05,0.00212166,-0.00940769,0.00017913
CAL-027,0,m5_demo,1,calibration,-0.00344203,0.0076802,-0.00550076,5.094e-05,-0.0085819,0.00353713,-0.00132052,0.01188968,0.0327868,0.06934692,0.15574154,0.26066453,0.356837,0.40126483,0.38253819,0.29391757,0.18755358,0.09895492,0.04228054,0.02062557,0.02079095,0.06387735,0.12297886,0.23080861,0.30988189,0.30409095,0.23169883,0.13190406,0.05111273,0.01599812,0.00436973,-0.00651707,-0.00013632,0.00552215,-8.94e-06,0.00603186,0.00455884,-0.00085728,0.0020604,0.00412764,-0.00243196,0.00828808,0.00279163,0.00102368,-8.722e-05,-0.00076397,-0.00180257,-0.00052555,0.00165755,-0.00253741
CAL-028,0,m5_demo,1,calibration,-0.00452171,0.0061238,0.00636365,-0.00039409,-0.00078077,-0.00389231,0.0021548,-0.00069682,0.02855818,0.06700328,0.12534839,0.22128744,0.30071491,0.35069556,0.32883916,0.25723348,0.16874795,0.08994037,0.03817071,0.02009505,0.01576954,0.0577681,0.13603362,0.23884976,0.31836038,0.31964757,0.23950346,0.13812357,0.05626208,0.01171937,0.00241762,0.00296849,0.00333781,-0.00753089,-0.00570385,-0.00247068,-0.00093923,0.00792704,-0.00183184,0.0061904,0.00527057,-0.00357957,0.00350991,0.00261316,-0.00344341,-0.00097371,-0.00218122,-0.00124104,-0.00241944,-0.00477081
CAL-029,0,m5_demo,1,calibration,-0.00083819,-0.00249308,0.00119577,-0.00249772,0.00328154,-0.00169343,0.00397926,0.0101702,0.0420805,0.08859693,0.18379515,0.30650941,0.43609662,0.48326915,0.45554539,0.35456647,0.22225099,0.11657121,0.04967933,0.02142949,0.01274309,0.04513136,0.09883802,0.17100381,0.22731694,0.22016984,0.1530944,0.09798063,0.04694698,0.01226223,0.00622411,0.00073194,0.00551964,-0.00048246,0.00152961,0.00980397,-0.00885249,-0.00099548,0.00599341,-0.00659184,0.00039714,0.00359354,-0.00688708,-0.00120016,0.00364847,0.00251801,0.00594474,-0.0068521,0.0027655,-0.00182614
CAL-030,0,m5_demo,1,calibration,-0.00242098,0.00579022,-0.0069489,0.00136911,0.00470169,-0.00500989,0.00558113,0.0078617,0.02181775,0.07701289,0.1429968,0.26021729,0.35171907,0.4048716,0.3838375,0.29918103,0.19232294,0.09557299,0.03751035,0.01875103,0.02248794,0.0739511,0.15000397,0.2625901,0.34905218,0.34081472,0.25950903,0.14329147,0.07198514,0.01821543,0.00606234,0.00379982,0.00137612,0.00146442,0.00289012,0.00304026,-0.00185953,0.00216758,0.00608399,-0.00161728,0.00885243,-0.00421413,-0.00110379,0.00338903,0.00050247,0.00632285,0.00422934,-0.00011577,0.00187822,-0.00047383
CAL-031,0,m5_demo,1,calibration,-0.00484505,0.00764675,0.00023248,0.00214681,-0.01091594,-0.00328799,0.00056698,0.00794581,0.02990176,0.07161994,0.14524643,0.2576515,0.35877547,0.40649375,0.38292222,0.29809979,0.1928612,0.09543809,0.0494963,0.01623362,0.02137764,0.0556497,0.12768499,0.21464997,0.28977104,0.28579706,0.22416812,0.12398467,0.05941813,0.02146802,0.00576733,-0.00013931,0.00154702,-0.00135539,0.00141095,0.00437784,-0.00424124,0.00446488,0.00057961,0.00089578,0.00266136,-0.00056617,-0.00059608,0.00078528,-0.00754074,-0.00334207,-0.00081119,0.00375094,-0.00334972,0.00255429
CAL-032,0,m5_demo,1,calibration,0.0004997,0.00184647,0.00017312,0.00124412,0.00113509,-0.00273569,0.01557824,0.0087705,0.02990316,0.07337744,0.15017839,0.24695293,0.34282592,0.39879073,0.37846457,0.29840926,0.19474119,0.10245299,0.05128138,0.02312192,0.01783598,0.04795351,0.11777772,0.20224294,0.2695732,0.2652388,0.20636542,0.12174147,0.03986371,0.01822546,0.00284863,-0.00422878,0.00074349,-0.00355463,-0.00035086,0.00010834,0.00282966,0.00369396,0.00519368,-0.00088087,-0.00183917,-0.00602709,-0.00202032,-0.0023515,0.00423221,0.00034135,0.0056501,0.0011718,-0.00231648,0.00439954
CAL-033,0,m5_demo,1,calibration,-0.00014002,-0.00242728,0.00098191,-0.00110055,0.00058571,0.00408802,0.00668415,0.00774577,0.02007796,0.05542056,0.13050735,0.21167241,0.2950268,0.33641489,0.31779403,0.2450136,0.16292606,0.08850175,0.03934764,0.01413435,0.01936199,0.05473174,0.12493463,0.2281059,0.29540959,0.29876342,0.22594682,0.12878728,0.04827069,0.02034169,-0.00415646,0.0002995,0.00055697,0.00064467,0.00207523,0.00558582,-0.00724335,-0.00396217,-0.00958278,-0.00357859,0.00259119,-0.00167761,0.00155285,0.0014172,0.00943986,-0.00092548,-0.00197469,-0.00145852,0.00409055,-0.00426146
CAL-034,0,m5_demo,1,calibration,-0.00108136,0.00385743,-0.00103143,-0.00209097,0.00049451,-0.00087595,0.00398152,0.00628005,0.03311565,0.06180334,0.13108264,0.23216604,0.33223661,0.37534981,0.36141294,0.27049099,0.17676068,0.09153488,0.04598464,0.01828969,0.01980327,0.04891411,0.11861405,0.19997172,0.27156553,0.2673016,0.19829182,0.11607395,0.04835451,0.01437808,0.00839737,0.00205123,-0.00311394,0.00619179,-0.0016915,-0.00519258,0.00196666,8.057e-05,-0.00484954,-0.00409669,-0.00451299,0.00551912,0.00393267,-0.00294442,1.27e-05,0.00277439,0.00274228,0.00474791,0.00983171,-0.00358916
CAL-035,0,m5_demo,1,calibration,-0.00081501,-0.00297381,0.00530822,0.00048885,0.00422262,-9.908e-05,0.00272913,0.01521339,0.02897063,0.07326136,0.14472406,0.2604342,0.35029036,0.40542878,0.37961947,0.29396826,0.18332328,0.09557315,0.03567183,0.02024882,0.02422018,0.03906165,0.10181571,0.18355258,0.24306263,0.23973776,0.17713676,0.09634536,0.0379253,0.02288841,0.00112181,-0.00787285,-0.00250692,0.00271464,0.00159722,-0.00593537,0.00041072,-0.00511719,-0.00485263,0.00278137,0.00436893,-0.00915373,0.00271976,0.00073662,0.00163894,-0.00049307,0.00144082,-0.00072852,0.00138282,-0.00148336
CAL-036,0,m5_demo,1,calibration,0.00352718,-0.00606722,0.00287436,-0.00343636,-0.00776406,-0.00391568,8.238e-05,0.01439028,0.03780482,0.08063597,0.16035636,0.28138904,0.39852999,0.43366246,0.4235607,0.32522158,0.20100899,0.10725604,0.04381975,0.02003776,0.02027854,0.05309327,0.11533692,0.20241916,0.27555477,0.27529888,0.20980999,0.12584491,0.04863067,0.02039813,0.00244149,-0.003371,0.0049628,-0.00750785,0.00354056,-0.00297236,0.00010036,8.726e-05,0.00050498,-0.00708537,-0.0054834,-0.00551462,-0.00838333,-0.00027662,-0.0016737,-0.0013985,0.00032387,-0.00058132,0.00575067,0.00207724
CAL-037,0,m5_demo,1,calibration,-0.00588321,0.00195586,-0.00485887,0.0036281,-0.00480393,-0.00264331,0.00107476,0.0116187,0.02778619,0.07554336,0.16241771,0.25418034,0.36202506,0.4030549,0.38460875,0.29585222,0.18532706,0.10449744,0.04244675,0.01719038,0.01085132,0.03497453,0.08683099,0.15991164,0.21602967,0.21315552,0.16082824,0.09399168,0.03639127,0.01287349,0.0018247,6.415e-05,0.00298244,0.0031661,-0.00094748,0.00469312,0.00648991,-0.0037984,0.0020537,0.00201627,-0.00461072,0.00197971,0.00196521,-0.00828176,0.00336905,-0.0059036,-0.00356063,-0.00764527,-0.00133751,-0.00189931
CAL-038,0,m5_demo,1,calibration,0.00348897,-0.00182492,-0.00550414,0.00568467,-0.00061547,-0.00073086,0.00578746,0.00390808,0.01668041,0.06092348,0.12222519,0.20380603,0.28896318,0.3354717,0.31846771,0.23375884,0.15492064,0.08181374,0.03039248,0.01303299,0.01993529,0.0467494,0.11197902,0.18549387,0.2507266,0.23974291,0.18621808,0.10384146,0.03876689,0.01759669,0.00961259,0.00171982,-0.00706257,0.00035364,-0.0012656,-0.0056499,0.00341721,0.00519363,0.00055351,0.00359436,0.00425448,0.00300318,0.00567347,0.00409263,0.00265051,0.00661854,-0.00329352,0.00802327,-0.0024818,0.00025261
CAL-039,0,m5_demo,1,calibration,-0.00092477,0.00264984,0.00486486,0.00297765,-0.00074309,-0.00377476,0.01169697,0.00378044,0.02755111,0.07267305,0.14146131,0.24881388,0.33329334,0.38998234,0.35632144,0.29064603,0.19069161,0.09054262,0.0404104,0.02190525,0.0229583,0.0657694,0.13990867,0.23488108,0.31420995,0.31464371,0.23780283,0.13654269,0.05822601,0.02232379,0.00852419,0.00481221,-0.00690473,-0.00010371,0.00101498,-0.0020533,0.00733762,0.00669441,0.00197109,-0.00233938,-0.00219756,0.00188289,-0.00176783,0.00036312,0.00107712,0.00195274,0.00901952,-0.00544106,-0.00600233,-0.0003836
NEW-000,0,m5_demo,1,new_normal,0.00097801,-0.00092814,0.00068095,-0.00272123,-0.00255701,-0.00782105,-0.00040637,0.00610587,0.02695603,0.06386259,0.14197115,0.23395541,0.3246822,0.37999656,0.35583896,0.27363937,0.17002235,0.09326746,0.04971671,0.02023217,0.01699308,0.04191756,0.10000553,0.17816536,0.24153717,0.2344623,0.17791265,0.10507996,0.04804097,0.01047476,0.00789827,0.00523262,0.00202667,-0.00228763,-0.00201485,0.00338641,-0.00377308,-0.00269979,0.00138539,0.00415785,0.00210452,0.00744053,0.00215281,0.00283824,-0.00174995,0.00712321,-0.00479761,0.00103143,1.484e-05,0.00634421
NEW-001,0,m5_demo,1,new_normal,0.00029201,0.0029634,-0.00026536,-0.00913333,-0.00260238,-0.00118956,0.00124629,0.01272362,0.02164046,0.05493225,0.11215882,0.19255932,0.26595493,0.3162592,0.29596241,0.22453625,0.13561951,0.07769731,0.03074153,0.01447736,0.02349625,0.05685218,0.13698858,0.23550102,0.31720342,0.3202215,0.23968056,0.13332198,0.05607708,0.01221406,0.0028638,-0.00332931,-1.695e-05,-0.00511212,0.00257759,0.00467195,0.00918399,0.00199786,0.00461982,0.00263915,-0.00182659,-0.00111709,0.00253607,-0.00226648,-0.00176745,-0.00321652,-0.00345565,0.00362053,-0.00486932,-0.00707677
NEW-002,0,m5_demo,1,new_normal,-0.00316865,0.00893584,-0.00260511,-0.00291725,0.01041827,0.003281,0.00224781,0.01033339,0.01842991,0.05651572,0.12211726,0.19917459,0.29458648,0.325721,0.31051422,0.23878892,0.16453435,0.08342381,0.03873683,0.01399256,0.01701553,0.07326621,0.14919873,0.26824684,0.35402103,0.36136823,0.26425155,0.14903396,0.06511553,0.01626256,0.00803772,-0.0016553,-0.00862596,-0.00494673,0.00368752,-0.00088602,-0.00095213,-0.00847724,-0.00023092,-0.00011786,-0.00572915,0.00499161,-0.00303553,0.00317776,0.00485106,0.00400414,0.00085707,0.00488759,-0.00177011,-0.00348527
NEW-003,0,m5_demo,1,new_normal,0.00091537,-0.00234172,-0.00744743,0.00053604,-0.0029591,0.00564362,0.00028216,0.01144322,0.03134288,0.05636077,0.13233563,0.23207323,0.31565954,0.36253686,0.33801352,0.26527475,0.16705595,0.08800619,0.04371931,0.01009476,0.0261641,0.0743414,0.13416026,0.23519169,0.31004165,0.31239732,0.24224558,0.13392013,0.05878025,0.0100244,0.00484899,-0.00021376,0.00050326,0.0008284,0.00082019,-0.00403606,-5.42e-05,-0.00385491,-0.00033874,0.00452531,-0.00278854,-0.00434272,0.00567179,0.00674121,-0.00137965,0.00297479,0.00580563,0.00037088,0.00634601,-0.00068341
NEW-004,0,m5_demo,1,new_normal,-0.0037857,-0.00056747,-0.00446605,-0.00272062,-0.003443,0.00567656,-0.0017992,0.01229281,0.02710551,0.07329285,0.15061048,0.25383989,0.36778857,0.4136062,0.38448072,0.29457899,0.18718974,0.10053643,0.04242321,0.0190845,0.01450599,0.04523305,0.10719297,0.18569545,0.25051832,0.24894669,0.19183542,0.1076578,0.05142315,0.02232174,0.00316138,-0.00330778,-0.0007314,0.0044451,0.0024125,-0.00219125,-0.00208505,-0.00095028,-0.00376788,-0.00416788,-0.00466922,-0.00119144,-0.00440887,0.00172565,0.00398661,0.00309168,-0.00268695,0.00734924,-0.00151064,0.00447783
LEV-000,0,m5_demo,1,leverage_outlier,-0.0016157,-0.00017669,0.00274805,5.79e-05,5.942e-05,0.00178322,0.00146826,0.01619394,0.04281597,0.10897074,0.22777874,0.38225478,0.52979382,0.6068914,0.57180492,0.4426309,0.2827351,0.14953189,0.06268814,0.02459623,0.01591188,0.02933503,0.06037875,0.10534344,0.14339443,0.14520691,0.10858442,0.06094385,0.02460202,0.01073132,3.203e-05,0.00090283,0.00201889,0.0003086,0.00023357,0.00161192,-0.00227204,-0.00090738,-0.00110269,0.00162628,0.00133367,-0.000531,0.00292644,0.00148162,-0.0001999,-0.00031134,0.00148922,0.00124673,0.00013242,0.00024934
XINST-mp5_demo,0,mp5_demo,1,cross_instrument,0.00756518,0.00354706,-0.0025885,-0.00868567,-0.00600236,-0.00382381,0.00089567,0.01610576,0.02705143,0.07656731,0.15807304,0.2761576,0.3743413,0.42669274,0.4026103,0.3114931,0.2027389,0.10753531,0.0481056,0.02342781,0.02499524,0.0545766,0.13168135,0.22778358,0.29497384,0.29048523,0.22188822,0.12600147,0.05079068,0.02142693,0.05146401,0.0994815,0.12001966,0.0985758,0.04498234,0.01748315,0.00801102,0.00015569,-0.00436534,0.00454469,-0.00380079,-0.00093344,-0.00672392,0.00094751,0.00216914,7.555e-05,-0.00484822,-0.00276948,0.00129838,-0.00056893
XINST-mp6_demo,0,mp6_demo,1,cross_instrument,0.01486966,0.00081044,0.00563426,-0.00064409,0.00536711,0.00987363,0.00451892,0.0070395,0.02913347,0.07204745,0.14180266,0.24436079,0.33370905,0.39177956,0.36926438,0.28087871,0.18160968,0.10285448,0.03827348,0.02434392,0.02555121,0.07028517,0.15186433,0.28503389,0.35723658,0.36737669,0.26782735,0.14860727,0.07007579,0.03611189,0.04954342,0.09120807,0.11670366,0.10383808,0.0524558,0.01906816,0.00697085,0.00367825,0.00665399,0.00319377,-0.0095125,-0.00211309,0.00420286,0.00790977,0.00032522,0.00112327,-0.00137805,0.00426724,0.00703564,0.00028081
