mD#sample_id,mD#group,mD#instrument,mD#rep,mD#role,mD#split,cC#aspartame_pct,mC#sucralose_pct,mC#erythritol_pct,400,420,440,460,480,500,520,540,560,580,600,620,640,660,680,700,720,740,760,780,800,820,840,860,880,900,920,940,960,980,1000,1020,1040,1060,1080,1100,1120,1140,1160,1180,1200,1220,1240,1260,1280,1300,1320,1340,1360,1380,1400,1420,1440,1460,1480,1500,1520,1540,1560,1580,1600,1620,1640,1660,1680,1700,1720,1740,1760,1780,1800,mD#class
CAL-00,0,sim_Raman785_demo,1,mixture,calibration,0.0,0.0,100.0,0.10665927,0.09430849,0.10170936,0.0974028,0.10014991,0.10598833,0.10229575,0.11495641,0.10699779,0.10204504,0.09637021,0.09892355,0.10306584,0.10163397,0.09948092,0.10235644,0.10398143,0.09278136,0.0964839,0.09911749,0.10278543,0.13710257,0.27421453,0.5619026,0.73652625,0.57062836,0.27184277,0.13931833,0.10468798,0.12139407,0.24362154,0.54475496,0.85290737,0.85172886,0.54656454,0.2447325,0.12517377,0.09825992,0.10747316,0.10052334,0.11072589,0.13505421,0.22337887,0.40438027,0.54603866,0.55424489,0.39691681,0.23200154,0.13896832,0.11229168,0.10559486,0.09142855,0.1035417,0.10644458,0.1094903,0.0936478,0.11084252,0.10961235,0.09727191,0.10429027,0.09066866,0.10708966,0.08992981,0.11119224,0.10584847,0.10432787,0.09870766,0.09472014,0.09682487,0.09956242,0.09697476,
CAL-00,0,sim_Raman785_demo,2,mixture,calibration,0.0,0.0,100.0,0.06417925,0.06512037,0.06566722,0.06401492,0.06441098,0.0636369,0.05600119,0.06347227,0.06986213,0.0562159,0.06390306,0.05775933,0.06417371,0.055523,0.06517652,0.05977864,0.05189308,0.06210665,0.05866283,0.05471207,0.07772652,0.09380025,0.23997429,0.52855582,0.692952,0.52638943,0.24637781,0.09103451,0.06347979,0.085985,0.20598901,0.51273998,0.8064431,0.81013898,0.51244233,0.20647218,0.08569538,0.05470672,0.06103582,0.06518391,0.06995823,0.09737708,0.19078329,0.36133178,0.51266876,0.50262751,0.35487781,0.18275985,0.09177529,0.08041358,0.05745546,0.05712712,0.06169373,0.05528957,0.0635299,0.05311768,0.06967337,0.06446574,0.05640146,0.05733664,0.05532732,0.05667227,0.05451815,0.07160748,0.05709627,0.05875231,0.0581175,0.05697349,0.0597298,0.06410683,0.06766711,
CAL-01,0,sim_Raman785_demo,1,mixture,calibration,0.0,2.5,97.5,0.11747148,0.11461178,0.11672588,0.11529425,0.12337696,0.10841781,0.12602975,0.12343217,0.12607323,0.11228753,0.11778768,0.12621209,0.14073937,0.14279623,0.13765473,0.11609031,0.11452722,0.11523843,0.12739557,0.14066235,0.12673808,0.15646854,0.29703669,0.58981941,0.74636258,0.57966573,0.2902402,0.15400817,0.12173737,0.14431291,0.25751374,0.54534962,0.84012565,0.84695104,0.55285069,0.25518267,0.14566395,0.1173888,0.12191437,0.12022594,0.12636866,0.14581763,0.24201093,0.40867227,0.56231089,0.56169484,0.40007363,0.25361409,0.1559687,0.12785487,0.11188275,0.12397686,0.10802995,0.11596092,0.1181413,0.12474306,0.11622134,0.11936342,0.12307355,0.12191135,0.12120461,0.11916446,0.12369685,0.12106193,0.12422519,0.11556284,0.12262422,0.11772609,0.1319066,0.12215769,0.12264743,
CAL-01,0,sim_Raman785_demo,2,mixture,calibration,0.0,2.5,97.5,0.08657893,0.08973957,0.09277535,0.09748178,0.09738401,0.09513484,0.08692812,0.09574171,0.09638108,0.08392354,0.09308359,0.10359844,0.11638614,0.1147084,0.09852292,0.0973659,0.0928313,0.09906512,0.11275623,0.12436881,0.10110991,0.12269112,0.25573693,0.55552322,0.72005762,0.54836142,0.26904582,0.12349527,0.0928695,0.10859506,0.22166499,0.52727248,0.82737211,0.82607524,0.52684244,0.23733531,0.11172849,0.08687358,0.0936557,0.08737241,0.09709855,0.1202379,0.21561515,0.38053172,0.53061779,0.53302577,0.3776572,0.21849501,0.11075414,0.10014776,0.10022047,0.10081133,0.09641595,0.08502206,0.0952792,0.08768419,0.08904044,0.09529715,0.09120628,0.09740212,0.09156312,0.09674434,0.08939191,0.09394327,0.10552819,0.09855656,0.09922352,0.09162956,0.09866617,0.0983273,0.09630014,
CAL-02,0,sim_Raman785_demo,1,mixture,calibration,0.0,5.0,95.0,0.10713985,0.10922269,0.12176441,0.11635364,0.11996609,0.1187729,0.12252316,0.11599954,0.10967618,0.11897396,0.12197717,0.12701958,0.16288967,0.16848473,0.12759478,0.11120969,0.12979337,0.13781293,0.13504447,0.16316379,0.14211478,0.15681397,0.2813354,0.56836717,0.73614506,0.5723004,0.27807028,0.14465667,0.13936369,0.13838669,0.25891033,0.5462418,0.8417928,0.85216062,0.55870814,0.27086992,0.13941132,0.12850445,0.10939763,0.11053422,0.12357674,0.14965663,0.24880824,0.40448062,0.55460899,0.55985561,0.41093275,0.2401798,0.14836622,0.12643029,0.12002445,0.1247231,0.11891884,0.11994246,0.10384145,0.10212919,0.11162762,0.10283773,0.10350545,0.10713241,0.10069617,0.10724459,0.10018485,0.1219759,0.10807879,0.11701808,0.11892365,0.12155724,0.1078353,0.12419586,0.12913592,
CAL-02,0,sim_Raman785_demo,2,mixture,calibration,0.0,5.0,95.0,0.07988075,0.08979682,0.09178769,0.09120575,0.09298906,0.09141868,0.09518899,0.0878777,0.08800413,0.07863754,0.0816708,0.10271636,0.13781441,0.13560331,0.09718587,0.0825241,0.09263043,0.09137499,0.11673697,0.1326338,0.10847199,0.12100224,0.26324853,0.53372924,0.69763723,0.54074257,0.25247934,0.11156348,0.09717921,0.10013176,0.22752613,0.51798467,0.81445752,0.81351265,0.52414993,0.24238425,0.11713338,0.08892539,0.09054984,0.08830927,0.09245041,0.11774176,0.20646206,0.37191922,0.51424773,0.516721,0.3613127,0.20475672,0.11650535,0.08338694,0.09287978,0.08105006,0.08358658,0.08178,0.07826549,0.0799837,0.07015865,0.0801837,0.0747813,0.08013406,0.07252247,0.08496439,0.08503218,0.07365281,0.09569888,0.0829612,0.08449355,0.08878362,0.08662871,0.09640272,0.0842847,
CAL-03,0,sim_Raman785_demo,1,mixture,calibration,0.0,7.5,92.5,0.08789546,0.09439702,0.0848225,0.08759794,0.10119082,0.09432264,0.07999267,0.09399843,0.08547316,0.08974082,0.08580424,0.10945135,0.15440449,0.16108155,0.11082267,0.09577091,0.09173281,0.09689686,0.11742639,0.16792151,0.12198019,0.12117824,0.25807116,0.52301816,0.6881282,0.52264399,0.25315589,0.12640062,0.10027829,0.1136934,0.23271476,0.50671773,0.79402671,0.80506232,0.52484643,0.23683698,0.11729953,0.09118724,0.09593834,0.08976832,0.11161213,0.11804988,0.21228393,0.37485978,0.5045717,0.51225165,0.37281771,0.19946042,0.12602631,0.08818597,0.07904707,0.09055116,0.08212233,0.10330629,0.09241015,0.08792613,0.09344531,0.08398403,0.09068122,0.09288918,0.09159894,0.09049975,0.08606486,0.09482735,0.09422317,0.08069322,0.08395078,0.08955779,0.0832739,0.09649043,0.08757056,
CAL-03,0,sim_Raman785_demo,2,mixture,calibration,0.0,7.5,92.5,0.09617388,0.102729,0.09628257,0.09833764,0.11646068,0.0963302,0.10811959,0.10241682,0.0999211,0.09058074,0.10488193,0.1167692,0.17000464,0.17129628,0.11506754,0.08903455,0.09316586,0.09786983,0.12141031,0.16029972,0.13127727,0.12660035,0.26070867,0.53829284,0.68903896,0.53374065,0.26352878,0.14009865,0.1043688,0.1256724,0.2308315,0.50532579,0.79312358,0.81293173,0.52474052,0.24778989,0.12281047,0.10386577,0.103931,0.10394394,0.113524,0.11898002,0.22196801,0.36685024,0.52011181,0.52668543,0.38197393,0.21459331,0.12548807,0.10378598,0.09727662,0.09227522,0.10815399,0.09901072,0.10028425,0.10774889,0.1024216,0.08757578,0.08602562,0.09237009,0.08960613,0.09215585,0.09888892,0.08940828,0.08859909,0.09933006,0.10064008,0.09139278,0.09741695,0.10609339,0.09146668,
CAL-04,0,sim_Raman785_demo,1,mixture,calibration,0.0,10.0,90.0,0.11029903,0.09284803,0.09742226,0.10674587,0.1052955,0.09093681,0.10267509,0.10090229,0.10461747,0.10992337,0.10261833,0.1216436,0.18976529,0.2039925,0.11861714,0.10173161,0.0887266,0.1133117,0.14704941,0.19300344,0.14669857,0.1375084,0.26465123,0.51246565,0.68059395,0.5298269,0.2562056,0.12982758,0.10743148,0.11096721,0.22775588,0.49564692,0.78637238,0.79648701,0.53137439,0.26703255,0.13527555,0.1051341,0.09863348,0.09845303,0.10738901,0.14554664,0.20791539,0.37982281,0.52884908,0.52750541,0.38135592,0.22248063,0.14142478,0.10391307,0.10395832,0.10434808,0.10626383,0.10977083,0.10795255,0.10252592,0.10155057,0.10919953,0.09975766,0.09999807,0.10151795,0.10171036,0.10211865,0.1068026,0.09433113,0.09603029,0.08833688,0.09292737,0.09216185,0.09413089,0.10503219,
CAL-04,0,sim_Raman785_demo,2,mixture,calibration,0.0,10.0,90.0,0.12863449,0.12727988,0.12521322,0.13096973,0.13667883,0.12645159,0.12712948,0.12019154,0.1337103,0.13191401,0.13207916,0.16115486,0.21499247,0.23243209,0.16439627,0.13212221,0.1196432,0.13536518,0.16334575,0.21014697,0.17651076,0.15355995,0.2995585,0.55492291,0.70911218,0.55721115,0.28712949,0.15772265,0.1186403,0.14055337,0.24694752,0.53053047,0.81463594,0.83955159,0.57015649,0.29622191,0.15365097,0.12141838,0.13631732,0.13551211,0.14153812,0.16494165,0.24169452,0.39893414,0.55192162,0.5428885,0.40149747,0.26006051,0.15840042,0.13434637,0.14590154,0.13555927,0.12404013,0.12916963,0.13229831,0.13401012,0.1275756,0.13509772,0.11841331,0.12891582,0.11991466,0.13474555,0.120117,0.12214365,0.13437545,0.12494219,0.13053027,0.13482402,0.1353561,0.13865071,0.12714972,
CAL-05,0,sim_Raman785_demo,1,mixture,calibration,2.5,0.0,97.5,0.10144277,0.10669025,0.11160989,0.10808814,0.10361986,0.10766557,0.10242553,0.10489503,0.10104999,0.10497702,0.10367629,0.1104432,0.11193429,0.10879077,0.10086312,0.10557042,0.10960003,0.10715601,0.10317262,0.10020165,0.10686484,0.12671517,0.27089293,0.57454303,0.73528585,0.56331238,0.28195296,0.13460028,0.10940245,0.12610979,0.25917208,0.54132698,0.84290623,0.83076584,0.53127105,0.23783063,0.12539146,0.11224663,0.09983162,0.10287967,0.11182988,0.14474873,0.23237922,0.4071171,0.54790569,0.54655537,0.38571905,0.23177728,0.13641119,0.12409092,0.10818021,0.09854344,0.10124424,0.10805261,0.09854299,0.1063685,0.10826589,0.10360877,0.10540253,0.10851853,0.10930854,0.11198412,0.10712108,0.1014799,0.10768858,0.09959364,0.10121095,0.10288139,0.10912655,0.10901971,0.10829368,
CAL-05,0,sim_Raman785_demo,2,mixture,calibration,2.5,0.0,97.5,0.08514121,0.07196995,0.07814629,0.07075441,0.06782336,0.08209005,0.08133294,0.08217613,0.08008444,0.07653149,0.0761569,0.08498523,0.07414936,0.07831526,0.07595854,0.06901349,0.08413098,0.07863251,0.07073925,0.07841205,0.07796519,0.10857922,0.24789311,0.53409882,0.70824339,0.53831895,0.26093652,0.11273667,0.08879544,0.10029704,0.2441385,0.50722963,0.80011287,0.80600481,0.50188173,0.22450338,0.10757295,0.07799558,0.08358553,0.07281287,0.08664294,0.11217461,0.1990584,0.36709356,0.51177345,0.51618721,0.3702471,0.20473177,0.10755495,0.07730619,0.08149632,0.08399648,0.07343907,0.06748972,0.07285998,0.0787777,0.08688539,0.05956148,0.07624188,0.08938914,0.08462636,0.07845679,0.07649683,0.06691347,0.08214146,0.07332476,0.08608204,0.07570417,0.07689605,0.08289193,0.07906759,
CAL-06,0,sim_Raman785_demo,1,mixture,calibration,2.5,2.5,95.0,0.07535724,0.07136165,0.07287534,0.07517651,0.07768951,0.07896127,0.07675946,0.07537885,0.07563935,0.06916222,0.07514516,0.08950978,0.1053559,0.11146092,0.06862625,0.06888353,0.07085434,0.09339937,0.07855441,0.09134458,0.08319146,0.11121893,0.25432905,0.53205554,0.6896891,0.53611233,0.24348224,0.11309661,0.08174961,0.10351148,0.23185797,0.50045287,0.79576904,0.78667012,0.51394711,0.22155366,0.09709395,0.08840276,0.08503637,0.07544717,0.08652343,0.11086493,0.1953493,0.34822675,0.50543907,0.50913139,0.36466366,0.18549026,0.10673894,0.07805387,0.08078294,0.07268102,0.08182187,0.07180178,0.07481411,0.07362186,0.07679982,0.08083533,0.07173452,0.09376822,0.08050395,0.07812732,0.06796493,0.07623826,0.07706171,0.08153877,0.07074388,0.0817403,0.07644086,0.0708944,0.07091466,
CAL-06,0,sim_Raman785_demo,2,mixture,calibration,2.5,2.5,95.0,0.1197535,0.11935738,0.12622436,0.11303389,0.13056535,0.11731208,0.12147752,0.12746419,0.11600387,0.11018798,0.13301089,0.12443342,0.14754645,0.13990598,0.12095421,0.12589236,0.1143791,0.12964004,0.13084778,0.15810136,0.13725624,0.15484304,0.29080857,0.57090122,0.72254619,0.57368673,0.28120146,0.14407305,0.12322483,0.14190223,0.27478345,0.54356591,0.8439442,0.8441531,0.55359725,0.27083311,0.13503141,0.11808263,0.11334527,0.11223854,0.13734029,0.17024649,0.24801423,0.39241329,0.54456348,0.55852413,0.40900092,0.25137209,0.15625826,0.12390088,0.11905509,0.11753236,0.12542547,0.11921593,0.1276615,0.10870336,0.11767497,0.12050282,0.12646232,0.12316621,0.12633004,0.12120283,0.12147418,0.11746079,0.12423437,0.1209722,0.11811517,0.11703952,0.12308565,0.11827578,0.11705986,
CAL-07,0,sim_Raman785_demo,1,mixture,calibration,2.5,5.0,92.5,0.08742677,0.07597144,0.09876891,0.08895188,0.07980211,0.0914162,0.08380155,0.07930303,0.08275588,0.09443798,0.08976181,0.10153368,0.13691867,0.12253258,0.10055295,0.08974727,0.09105342,0.08862401,0.10905613,0.11766299,0.10284137,0.11898319,0.24785003,0.51929788,0.67588647,0.52192495,0.23269152,0.11736496,0.07651125,0.10907469,0.24132825,0.49808612,0.77873204,0.79317803,0.4993141,0.22190067,0.10022063,0.08438304,0.07969724,0.08686089,0.08901382,0.12072433,0.1999059,0.36013096,0.50526896,0.50140158,0.35756095,0.20493998,0.12762853,0.09241959,0.07347674,0.08247403,0.08246103,0.08429503,0.0809028,0.08411865,0.07719276,0.08434257,0.07586082,0.08023241,0.08206377,0.08807799,0.07898485,0.07970131,0.08124056,0.08573682,0.06528401,0.07706163,0.06687885,0.07664749,0.07613643,
CAL-07,0,sim_Raman785_demo,2,mixture,calibration,2.5,5.0,92.5,0.09827637,0.09262768,0.08787917,0.08560507,0.09147328,0.09284146,0.09315578,0.09445983,0.09589295,0.08557596,0.09911847,0.10071231,0.13905912,0.13843868,0.10691179,0.09528991,0.10665062,0.09349799,0.12256067,0.14359004,0.13042071,0.11747621,0.25504279,0.52637829,0.68743228,0.52806265,0.27008486,0.12241507,0.09420989,0.10194847,0.23656698,0.50752361,0.79608231,0.79856553,0.51636577,0.23931829,0.12123176,0.07983684,0.08666352,0.08989451,0.09903961,0.10700152,0.20521204,0.35522766,0.51575924,0.50915148,0.38255683,0.20501238,0.13160057,0.09422526,0.09077372,0.09001459,0.09618642,0.09042751,0.09828391,0.09456057,0.09035944,0.09113993,0.09274618,0.09516958,0.09459431,0.09806425,0.08899193,0.0853583,0.09573395,0.09205403,0.09694709,0.07959257,0.09195824,0.0972516,0.08800761,
CAL-08,0,sim_Raman785_demo,1,mixture,calibration,2.5,7.5,90.0,0.09727071,0.11240041,0.11154041,0.10687846,0.10658302,0.09742832,0.09304802,0.11101259,0.10129579,0.1131967,0.10691049,0.12650996,0.18304957,0.17782416,0.13596161,0.10617442,0.10638173,0.10461503,0.14450313,0.17827383,0.14392063,0.13840594,0.26591468,0.54567947,0.69137015,0.53748999,0.26814503,0.14083324,0.10385483,0.13658895,0.26489283,0.52402554,0.81002682,0.82336855,0.5671761,0.27195161,0.15360607,0.12621163,0.13306111,0.12445298,0.12393082,0.14406826,0.22182272,0.38669592,0.52021456,0.51721161,0.38745039,0.22082829,0.14551082,0.11503243,0.11536092,0.11068288,0.11546117,0.11514385,0.10134904,0.09718253,0.1085165,0.10005953,0.09517465,0.11723692,0.10496468,0.12218547,0.11397507,0.10763224,0.10134322,0.10986676,0.10012772,0.10504398,0.09077168,0.11026343,0.11455295,
CAL-08,0,sim_Raman785_demo,2,mixture,calibration,2.5,7.5,90.0,0.11481424,0.10359833,0.10512691,0.1133336,0.10234082,0.09375325,0.08615345,0.10856799,0.1039105,0.10986238,0.1095117,0.12541579,0.18468329,0.17440702,0.13012378,0.1018382,0.11652567,0.10960248,0.13655017,0.18201785,0.13648384,0.13497013,0.26140215,0.53515081,0.6959888,0.53646484,0.26135966,0.13466132,0.11088653,0.12481538,0.26206009,0.51888967,0.81149462,0.82187919,0.56045409,0.26644391,0.16964616,0.12697746,0.1203035,0.13520448,0.12518903,0.14143215,0.21653311,0.37619342,0.50631813,0.52405162,0.36919151,0.22961328,0.13433669,0.11206533,0.11319862,0.1068736,0.1005253,0.10792965,0.09295389,0.09689543,0.1030422,0.11441859,0.1081796,0.10840418,0.10943569,0.11191532,0.10228797,0.12220284,0.10346399,0.10854273,0.09653105,0.09507984,0.09793316,0.11482402,0.10681629,
CAL-09,0,sim_Raman785_demo,1,mixture,calibration,2.5,10.0,87.5,0.09859756,0.09405084,0.09893289,0.10429975,0.09613669,0.0984842,0.10847908,0.08996267,0.09453759,0.08692074,0.10025082,0.12659016,0.2031568,0.1812239,0.12054399,0.08820282,0.09953067,0.09450317,0.12729113,0.19118233,0.14205183,0.13036802,0.24149725,0.50915855,0.65878241,0.51731342,0.24087792,0.11591735,0.08826975,0.10135065,0.23577696,0.48939814,0.75899201,0.78042031,0.5207639,0.2514286,0.11870836,0.09607456,0.10285981,0.09025637,0.10578713,0.12201849,0.20352827,0.36140258,0.49521529,0.49436599,0.35984955,0.22008756,0.12562244,0.11785899,0.09784231,0.10206518,0.10018528,0.10300778,0.10412422,0.09238203,0.09619885,0.09887532,0.09177163,0.08999022,0.11343742,0.0929955,0.09137242,0.08926969,0.09975178,0.09936531,0.08979208,0.0945572,0.09810813,0.09901511,0.10349112,
CAL-09,0,sim_Raman785_demo,2,mixture,calibration,2.5,10.0,87.5,0.13275472,0.11868093,0.12263524,0.12839278,0.12264733,0.12691291,0.12864582,0.12114068,0.12648969,0.13229276,0.13061318,0.15202842,0.20228875,0.2171273,0.16242061,0.12267131,0.10915673,0.12349948,0.15773808,0.21619667,0.16119563,0.15880902,0.28101056,0.53370474,0.69257497,0.53006264,0.26682022,0.14344809,0.12149491,0.13143185,0.2552139,0.511047,0.79520284,0.80856465,0.54514346,0.28502216,0.15652514,0.11443477,0.11519078,0.12127139,0.12778994,0.14204184,0.228628,0.39157222,0.5255861,0.51919672,0.392548,0.22797465,0.16195648,0.13486794,0.13334961,0.1341965,0.12432092,0.12155763,0.12430318,0.12578012,0.12933101,0.12711561,0.12267201,0.1250419,0.13541967,0.13351958,0.12745376,0.12354681,0.12038773,0.11289588,0.11482677,0.12131913,0.112923,0.11791269,0.12449015,
CAL-10,0,sim_Raman785_demo,1,mixture,calibration,5.0,0.0,95.0,0.10128014,0.09959477,0.08892273,0.1090733,0.09442846,0.10478091,0.11227951,0.10739121,0.09975423,0.10482602,0.10398615,0.1024785,0.10033902,0.10476519,0.10311241,0.10833421,0.10018409,0.10602812,0.11503566,0.10540738,0.10509414,0.12938783,0.26363573,0.54307044,0.70452031,0.54152923,0.26198439,0.12648155,0.10899098,0.1290344,0.28647815,0.53396278,0.81027009,0.81584649,0.52726731,0.23429004,0.12540249,0.09862523,0.10183136,0.10748088,0.10033964,0.12339682,0.2274378,0.38357823,0.52377051,0.53588858,0.39132134,0.23239665,0.12667738,0.11613815,0.10599524,0.1061731,0.10632245,0.10003173,0.09696688,0.10012314,0.09829267,0.10077034,0.09598517,0.10072407,0.1066266,0.11956731,0.10837519,0.09788518,0.11032063,0.09985456,0.10604332,0.10092952,0.09929981,0.10067081,0.10335062,
CAL-10,0,sim_Raman785_demo,2,mixture,calibration,5.0,0.0,95.0,0.11236784,0.12241462,0.11011059,0.12096962,0.11486041,0.10162674,0.11377289,0.12394759,0.11174127,0.11326178,0.11913577,0.10828679,0.10699971,0.10879792,0.11634211,0.11887454,0.11230382,0.12490705,0.11437476,0.11721969,0.11952839,0.1394927,0.28213038,0.56218975,0.72663566,0.5481218,0.28059052,0.1392072,0.10113949,0.13690368,0.28954455,0.5419755,0.83687501,0.82419164,0.54324121,0.25292185,0.13859848,0.11473261,0.12273737,0.11062751,0.11741411,0.14360331,0.23232897,0.39124304,0.54967731,0.54238732,0.40685533,0.24026934,0.1451509,0.12148508,0.12611009,0.12122014,0.1193016,0.11503729,0.11146781,0.11649682,0.11141975,0.11713311,0.11946138,0.11895116,0.12048845,0.12957015,0.110221,0.11000811,0.11144726,0.1173723,0.11361951,0.11727422,0.12931757,0.10869224,0.1151388,
CAL-11,0,sim_Raman785_demo,1,mixture,calibration,5.0,2.5,92.5,0.09952954,0.09704943,0.08899756,0.09110709,0.10066872,0.09754546,0.09951892,0.09789336,0.10026611,0.10612637,0.09738401,0.10817991,0.12666702,0.11499595,0.0917991,0.08738727,0.10472084,0.09941337,0.11181546,0.11653942,0.11188663,0.12304744,0.2640419,0.52896909,0.70554541,0.53908559,0.2575901,0.1345028,0.10822633,0.11779971,0.27931914,0.51289113,0.80110398,0.80887396,0.51671265,0.22584709,0.11444038,0.09923735,0.1010269,0.09857222,0.10453607,0.13838972,0.21307089,0.37819897,0.51738466,0.52623873,0.37272339,0.21994889,0.12587468,0.1002644,0.09137831,0.10448542,0.09906685,0.09825756,0.09379266,0.09368551,0.09949425,0.10140654,0.0940879,0.09444408,0.11554841,0.11380492,0.10871076,0.10278533,0.10292736,0.09787158,0.09250753,0.10119439,0.10101659,0.08477322,0.09059881,
CAL-11,0,sim_Raman785_demo,2,mixture,calibration,5.0,2.5,92.5,0.13863681,0.1396418,0.13091186,0.13308641,0.1342114,0.13491317,0.13933931,0.12482074,0.13888986,0.13813206,0.14084968,0.13336001,0.16319679,0.16252418,0.13677634,0.14222301,0.1357623,0.12593852,0.14489972,0.16212285,0.1379299,0.1578491,0.29912799,0.55998736,0.73137077,0.56259069,0.29203893,0.15623013,0.13229005,0.16098344,0.30922235,0.54923576,0.83202789,0.84381344,0.55285075,0.26425117,0.16104646,0.13894537,0.13271868,0.13616129,0.1452752,0.17723991,0.25237462,0.40990393,0.56169445,0.55472596,0.40552458,0.25589951,0.16301639,0.1469049,0.13319176,0.13331965,0.12954119,0.130917,0.12689906,0.13390763,0.13178248,0.1228101,0.1305204,0.12966735,0.1409678,0.14593599,0.12453363,0.13049126,0.13146473,0.13292106,0.12183687,0.13209283,0.13156824,0.12736543,0.1303175,
CAL-12,0,sim_Raman785_demo,1,mixture,calibration,5.0,5.0,90.0,0.09247255,0.09670099,0.08976274,0.10019896,0.09251608,0.09004044,0.09752962,0.08982762,0.08534545,0.09677724,0.09332647,0.10645384,0.14584332,0.15028228,0.10324626,0.0875966,0.10262733,0.10377128,0.11746902,0.14089203,0.12641274,0.12665372,0.25408339,0.51986058,0.67783593,0.52213788,0.25700993,0.1340805,0.09748419,0.1156991,0.26368562,0.51330881,0.78595691,0.7940909,0.51083763,0.23544479,0.12477805,0.09622471,0.09662099,0.08318903,0.10420495,0.12501284,0.21702951,0.35421042,0.50340773,0.50335316,0.37109934,0.22275686,0.11851793,0.09478065,0.09871709,0.10265251,0.09040416,0.08428218,0.09933833,0.10210563,0.08932555,0.08210198,0.094073,0.09553257,0.11160258,0.10942135,0.0917393,0.09404669,0.10776093,0.08903732,0.09540913,0.09754375,0.08891937,0.09076229,0.08428406,
CAL-12,0,sim_Raman785_demo,2,mixture,calibration,5.0,5.0,90.0,0.08561449,0.09113379,0.09337825,0.09031465,0.07952302,0.101753,0.10150562,0.08969626,0.09824586,0.08840463,0.09127957,0.10227361,0.14144907,0.13261246,0.09632702,0.08838845,0.09663617,0.09167701,0.10998905,0.13380805,0.11674788,0.11595604,0.23127101,0.52101996,0.67162621,0.52082497,0.25160918,0.11935021,0.09260482,0.10551559,0.27585683,0.50647512,0.77981818,0.78353109,0.51273499,0.22348829,0.11672794,0.08987105,0.08351391,0.08604558,0.09485756,0.11006163,0.1903529,0.35494213,0.49805132,0.49876529,0.37405646,0.20047832,0.11775572,0.10554706,0.09340293,0.08356916,0.09370682,0.08325637,0.09312829,0.08343779,0.08791501,0.08759707,0.0880813,0.08596358,0.10279295,0.0957565,0.10032896,0.08191043,0.08973826,0.09044949,0.07824206,0.07741517,0.09853484,0.0899405,0.07667817,
CAL-13,0,sim_Raman785_demo,1,mixture,calibration,5.0,7.5,87.5,0.07152409,0.08043599,0.08061161,0.07900021,0.08283161,0.06948173,0.08205264,0.07025683,0.0683895,0.08220576,0.07709562,0.09227642,0.13775865,0.1454469,0.09258277,0.09242879,0.08086857,0.07910326,0.11040815,0.15645369,0.11105315,0.10561543,0.23461647,0.49162943,0.65039244,0.48641442,0.22786905,0.09571992,0.08865785,0.09971707,0.25303716,0.47472957,0.734831,0.75019141,0.50363417,0.22210151,0.11138614,0.08368024,0.08506667,0.08470765,0.08005581,0.11377637,0.19047996,0.34808172,0.47305813,0.47139375,0.34198097,0.19639048,0.11942646,0.08884769,0.0729156,0.07443275,0.07945515,0.08282346,0.07533018,0.07704562,0.0689021,0.07775351,0.07772234,0.06995889,0.08646883,0.08785827,0.07971547,0.0761557,0.08072347,0.06850076,0.07307176,0.07453432,0.07353476,0.07912827,0.0639865,
CAL-13,0,sim_Raman785_demo,2,mixture,calibration,5.0,7.5,87.5,0.09264076,0.1010325,0.08631132,0.09255179,0.08555798,0.08992192,0.08564513,0.08973045,0.09731875,0.09309476,0.10308607,0.11510966,0.17078224,0.16625628,0.11412897,0.09425113,0.08437022,0.09379947,0.11086551,0.15901058,0.12471729,0.12261442,0.24038142,0.50984489,0.66315336,0.51306395,0.24389441,0.11546883,0.09181174,0.09862597,0.26962844,0.49086965,0.76181134,0.77475717,0.51562114,0.2362464,0.12464791,0.10058846,0.10244797,0.09697521,0.09903594,0.12976713,0.19849674,0.35933396,0.49430452,0.48562833,0.3482872,0.19409786,0.13829199,0.09501012,0.08847469,0.0904744,0.08520195,0.08575642,0.08078553,0.09124786,0.09303857,0.09219658,0.09006379,0.09514442,0.11060582,0.09850192,0.08988588,0.08765159,0.09634714,0.09505174,0.09138489,0.08330044,0.08655205,0.09346684,0.09191993,
CAL-14,0,sim_Raman785_demo,1,mixture,calibration,5.0,10.0,85.0,0.0874223,0.09580336,0.0950795,0.10193264,0.09829834,0.09823001,0.08512286,0.08495022,0.08917087,0.09885392,0.10444102,0.13208621,0.19113977,0.17585198,0.1267896,0.09279602,0.08557622,0.09518328,0.12443343,0.17620535,0.13602669,0.12820454,0.22935863,0.49220803,0.65494653,0.49382526,0.23149942,0.11416778,0.09837161,0.12382627,0.26863559,0.48298376,0.74846282,0.77217218,0.5218266,0.24385467,0.12757681,0.09693555,0.10192057,0.0897833,0.10731423,0.13083335,0.20535173,0.33945359,0.4925001,0.49745993,0.34946067,0.21811741,0.1270777,0.10646115,0.0881293,0.10096211,0.09627575,0.09370112,0.08795647,0.0917916,0.08962831,0.09996807,0.09145091,0.0958369,0.10790076,0.09912188,0.09678177,0.10012135,0.08374646,0.09100288,0.10239661,0.09119439,0.09032973,0.08705639,0.09726033,
CAL-14,0,sim_Raman785_demo,2,mixture,calibration,5.0,10.0,85.0,0.0856703,0.08671828,0.08637545,0.09300295,0.08984949,0.0966932,0.08921743,0.08027017,0.09910958,0.07633588,0.08879021,0.11831266,0.17844315,0.17993088,0.11212581,0.09344119,0.08906745,0.09092381,0.12097456,0.18131114,0.1379436,0.1205355,0.22543905,0.4928767,0.64335513,0.49329191,0.23204228,0.11372126,0.0847901,0.10342946,0.25463299,0.46513102,0.74338765,0.76326319,0.49952993,0.23070765,0.10724093,0.09570547,0.09166871,0.08550016,0.08757134,0.11834663,0.19745277,0.34844902,0.47348564,0.47625848,0.34278117,0.20028751,0.11870605,0.09655868,0.09348621,0.08859345,0.08903205,0.08238165,0.09486015,0.09623002,0.08012567,0.09587597,0.08890066,0.0882771,0.10167799,0.10204604,0.09411479,0.08811827,0.08495394,0.09020936,0.0828502,0.08505624,0.0918166,0.08528795,0.0835292,
CAL-15,0,sim_Raman785_demo,1,mixture,calibration,7.5,0.0,92.5,0.0802571,0.08978725,0.10886598,0.09979204,0.09112691,0.09206837,0.09669463,0.10082394,0.11204114,0.10764105,0.09950944,0.11602994,0.11092749,0.10326783,0.10783113,0.09987304,0.09257284,0.09081275,0.0930513,0.10750145,0.1053144,0.12184751,0.25289405,0.52006576,0.68582643,0.52737458,0.24106965,0.11645861,0.08527622,0.11265939,0.29989208,0.50278449,0.79049285,0.79286191,0.50129366,0.2252338,0.11265874,0.08402243,0.08840599,0.09362851,0.08928799,0.11850091,0.21100341,0.36306254,0.52077947,0.51491718,0.37243619,0.21465305,0.12830486,0.09331969,0.08984379,0.0959272,0.08809328,0.09531285,0.08871337,0.08383786,0.08371913,0.08391331,0.08949718,0.09463705,0.10326925,0.10985931,0.09381185,0.08590515,0.08741332,0.08381349,0.08225849,0.09812104,0.08590126,0.08911483,0.08645642,
CAL-15,0,sim_Raman785_demo,2,mixture,calibration,7.5,0.0,92.5,0.09471059,0.08809568,0.092259,0.09616104,0.0920744,0.08067736,0.10024421,0.10101727,0.10166933,0.10753109,0.09219023,0.09965734,0.09567607,0.10304128,0.10735767,0.10993424,0.10384963,0.10248536,0.10025565,0.10924777,0.10802114,0.1268126,0.25580496,0.52437813,0.69146752,0.52865215,0.25255552,0.12737117,0.09475331,0.10912453,0.30013997,0.51828451,0.77985511,0.79052791,0.50727215,0.21685287,0.10588133,0.09377619,0.09818923,0.09276708,0.10173088,0.12402834,0.20722092,0.36396682,0.50646264,0.50235439,0.38108617,0.2249569,0.12012839,0.10622667,0.09048016,0.09128248,0.08377031,0.10111711,0.09456267,0.08594702,0.08922047,0.08579284,0.09356785,0.10945667,0.10727586,0.11455451,0.09557991,0.09659951,0.10057953,0.08852626,0.09965707,0.09584456,0.09543876,0.09518382,0.08779609,
CAL-16,0,sim_Raman785_demo,1,mixture,calibration,7.5,2.5,90.0,0.08555068,0.08090637,0.07621852,0.06862895,0.08576647,0.07497535,0.0804656,0.08219241,0.08264145,0.07816045,0.08116977,0.09492386,0.09697927,0.10460238,0.09017073,0.07558875,0.08366179,0.07810588,0.09378988,0.11509541,0.10224799,0.11741255,0.22708669,0.50016546,0.67012007,0.5109355,0.24042774,0.11245331,0.0871898,0.10517318,0.28758764,0.50489744,0.75655534,0.76678735,0.49334328,0.2069975,0.10552688,0.08583002,0.08199372,0.09658194,0.08941894,0.12258324,0.20704293,0.36810346,0.51628022,0.50423662,0.3871682,0.22382086,0.15150009,0.10167908,0.10731195,0.10068266,0.09236352,0.09425615,0.0874449,0.08006206,0.09228097,0.08420895,0.07907504,0.08183519,0.10210853,0.09566408,0.09274632,0.07875308,0.08470534,0.08332065,0.08640082,0.07810653,0.06830483,0.07690167,0.07216602,
CAL-16,0,sim_Raman785_demo,2,mixture,calibration,7.5,2.5,90.0,0.07874623,0.09414661,0.09799334,0.07904278,0.08369186,0.08896979,0.09062377,0.09347257,0.08003357,0.09666101,0.09014085,0.08923372,0.1126088,0.12052852,0.07771556,0.08310066,0.09124655,0.09537427,0.10350947,0.12507514,0.11297181,0.10437486,0.24649262,0.51994758,0.67275369,0.51734249,0.25027993,0.11362831,0.09571033,0.11100113,0.28354062,0.51133929,0.76983628,0.76644315,0.49063445,0.2208534,0.11467145,0.077757,0.08554959,0.09347539,0.09783952,0.12717087,0.21259905,0.36761139,0.51812607,0.52400245,0.3926583,0.22595952,0.13532714,0.11076538,0.10761349,0.10355253,0.09348845,0.10846138,0.09464904,0.09295391,0.0903055,0.0775942,0.07886722,0.08477087,0.11967937,0.10808398,0.09679188,0.09252575,0.09045689,0.09854775,0.08384757,0.08534189,0.08825528,0.08899972,0.08113741,
CAL-17,0,sim_Raman785_demo,1,mixture,calibration,7.5,5.0,87.5,0.1297549,0.11821231,0.14003705,0.11872239,0.13457551,0.11971044,0.12385357,0.13003643,0.13425632,0.11583652,0.12756596,0.13854669,0.16469429,0.16657863,0.12341299,0.10988417,0.11234607,0.10298089,0.12196236,0.16012471,0.14383668,0.14633583,0.26933652,0.54947697,0.69374865,0.54279194,0.28609418,0.14672116,0.13250131,0.14509768,0.32250618,0.53060662,0.78585261,0.79833675,0.52565276,0.26971046,0.15394031,0.12681036,0.1270667,0.11808035,0.126701,0.15909224,0.23520643,0.39702028,0.52679408,0.52692396,0.39191175,0.23984883,0.16459376,0.12911753,0.13398438,0.12419289,0.12802735,0.12791932,0.11299632,0.11555057,0.12688404,0.12575012,0.12236416,0.12082433,0.146971,0.14339749,0.12703053,0.12697069,0.12168463,0.12728439,0.12912111,0.12652485,0.12713298,0.12239821,0.12758037,
CAL-17,0,sim_Raman785_demo,2,mixture,calibration,7.5,5.0,87.5,0.10593489,0.0909472,0.11799925,0.0996782,0.09491322,0.11121243,0.11144603,0.10317978,0.09261159,0.10332146,0.11152378,0.1187184,0.14543441,0.13920785,0.09983332,0.08350166,0.07450345,0.08571486,0.09747943,0.13222904,0.1243755,0.12517632,0.25470505,0.51974357,0.6812462,0.51554259,0.24641854,0.13035741,0.10086388,0.12880412,0.30404205,0.51771812,0.76793724,0.78389965,0.51666938,0.24965695,0.11975433,0.10403501,0.09272594,0.11489058,0.11812217,0.12944196,0.21823226,0.36073095,0.51009702,0.51899925,0.3739255,0.22013288,0.13406089,0.10197553,0.10536116,0.10645365,0.11557347,0.09881036,0.10763055,0.09598684,0.11052272,0.0941461,0.11240216,0.12029845,0.11742535,0.13663151,0.10786339,0.1104099,0.11191287,0.11041264,0.1023355,0.1065291,0.09749831,0.1146102,0.10962134,
CAL-18,0,sim_Raman785_demo,1,mixture,calibration,7.5,7.5,85.0,0.09148418,0.07663867,0.0946027,0.08696453,0.0849072,0.08419098,0.08709117,0.08355068,0.08072481,0.07809876,0.08195687,0.10949385,0.15055751,0.15358482,0.10914045,0.08347163,0.08620045,0.08654426,0.11961433,0.15735894,0.11813671,0.10777556,0.22946807,0.48376497,0.6427123,0.48996868,0.23629587,0.1164293,0.08652633,0.1099695,0.28768121,0.48608437,0.74696461,0.75223899,0.48916257,0.22120387,0.10834934,0.08452675,0.08304982,0.08912271,0.08296234,0.11269952,0.18630838,0.33205267,0.4876545,0.4782274,0.34629271,0.20564901,0.1306522,0.10429406,0.08462734,0.08297248,0.09774229,0.08864569,0.08074702,0.08929388,0.07607286,0.07747819,0.08029691,0.08412967,0.09904627,0.10540752,0.10056596,0.07623732,0.09761846,0.08408587,0.0811724,0.0904286,0.08778355,0.08026303,0.08983167,
CAL-18,0,sim_Raman785_demo,2,mixture,calibration,7.5,7.5,85.0,0.08980573,0.09272396,0.10295447,0.09677557,0.09052603,0.08181992,0.09613433,0.07826439,0.10394318,0.08186308,0.10824733,0.11521828,0.17191038,0.15727878,0.10095152,0.09080363,0.08448713,0.08938402,0.12482018,0.168511,0.12483756,0.12403097,0.24966702,0.50446564,0.65033799,0.49494589,0.24931861,0.10868244,0.09723827,0.11797886,0.27734913,0.49855768,0.75358952,0.75928084,0.50095062,0.24332648,0.10530956,0.08494583,0.0809838,0.08549951,0.09598539,0.1210509,0.20016379,0.35336488,0.49023948,0.48008971,0.34957017,0.19923769,0.11773444,0.08629966,0.10027869,0.0879571,0.09449402,0.10038201,0.09897477,0.10267922,0.09792725,0.08430411,0.08111192,0.10179128,0.11908473,0.11538084,0.10214286,0.0853563,0.08786633,0.09341777,0.08409865,0.08899598,0.08262007,0.09331062,0.09480088,
CAL-19,0,sim_Raman785_demo,1,mixture,calibration,7.5,10.0,82.5,0.09734374,0.09240944,0.09407692,0.08709363,0.09875469,0.08463028,0.08639373,0.08494399,0.09099705,0.09202682,0.09241543,0.10936638,0.17912839,0.17418722,0.12126797,0.0849728,0.08874506,0.09330774,0.11415087,0.1781209,0.13256886,0.11434956,0.23269718,0.49468278,0.63254519,0.49615495,0.24144665,0.11320017,0.08235226,0.10560339,0.28148942,0.4573802,0.71973666,0.73382692,0.49782429,0.2375876,0.11442332,0.09455522,0.0837871,0.08404157,0.09711609,0.12384446,0.19017199,0.34006475,0.47412086,0.46199658,0.34407846,0.20018455,0.12744946,0.09082851,0.09189558,0.08317034,0.09937855,0.10061838,0.09171887,0.09383666,0.09368226,0.10020849,0.0818815,0.10396315,0.103799,0.10605983,0.09652638,0.08537162,0.09508105,0.09091306,0.08905414,0.09002893,0.10083974,0.08626399,0.07652963,
CAL-19,0,sim_Raman785_demo,2,mixture,calibration,7.5,10.0,82.5,0.08227549,0.08234024,0.07772827,0.08884841,0.07815011,0.08727723,0.07589456,0.08332005,0.08469668,0.08374251,0.08153888,0.12302184,0.18504243,0.17390204,0.10783826,0.10448438,0.09579505,0.08402434,0.12232917,0.18700111,0.12843115,0.12026483,0.22767455,0.47858503,0.62474711,0.47156695,0.23413218,0.105067,0.09980174,0.10657981,0.26219215,0.47005321,0.72599424,0.73569864,0.48953936,0.23594812,0.10789032,0.09616935,0.08284078,0.07503901,0.07704512,0.11362841,0.18224074,0.34082163,0.4615088,0.46504654,0.33626909,0.18723877,0.10648885,0.08768781,0.09084201,0.08770143,0.07791251,0.07802224,0.08470123,0.07894508,0.09823025,0.07357555,0.0806047,0.09109708,0.10445456,0.10201895,0.08236193,0.07871149,0.0863137,0.08444019,0.08749249,0.07627662,0.08597798,0.07241848,0.09090305,
CAL-20,0,sim_Raman785_demo,1,mixture,calibration,10.0,0.0,90.0,0.10948425,0.10546395,0.1028625,0.10360987,0.11037757,0.11293273,0.10228176,0.10530775,0.11325291,0.10232393,0.09951061,0.10402305,0.1006795,0.10126897,0.11669708,0.10464374,0.1036781,0.10138061,0.11681881,0.12390219,0.11534703,0.13624921,0.26695199,0.53708766,0.69948987,0.52677901,0.27048357,0.13830993,0.11609,0.13184859,0.33430825,0.52887668,0.78728794,0.7895918,0.51487974,0.23747576,0.12628323,0.11715361,0.10667826,0.11182177,0.10694508,0.14753302,0.23558666,0.36687596,0.52688553,0.51051586,0.39255555,0.23709991,0.1478026,0.12609001,0.11498336,0.11228957,0.11694924,0.11558644,0.11018356,0.11261845,0.11574993,0.11074732,0.10995242,0.11240942,0.13826487,0.13199991,0.11572802,0.11229893,0.10693727,0.11083203,0.11850489,0.10482524,0.11586407,0.11158578,0.11700452,
CAL-20,0,sim_Raman785_demo,2,mixture,calibration,10.0,0.0,90.0,0.08776574,0.07726487,0.07913331,0.09133906,0.09648061,0.08090442,0.08704792,0.09633893,0.07937008,0.08414214,0.088129,0.08830209,0.08253722,0.08887011,0.08148369,0.09357053,0.08659512,0.09034467,0.09540955,0.11001945,0.09344217,0.12015059,0.24718759,0.51008012,0.67582669,0.51239617,0.23590033,0.12033287,0.08887983,0.10326193,0.30513886,0.49729274,0.77815774,0.76794118,0.47309716,0.2221949,0.10470356,0.08972187,0.08391149,0.08375927,0.08622371,0.11411885,0.21267014,0.35667622,0.497742,0.49981353,0.36592407,0.2275806,0.13331363,0.10604519,0.08578103,0.1032295,0.09749504,0.0865011,0.08808932,0.09709771,0.08388624,0.09208193,0.09356323,0.09619912,0.11226939,0.11339598,0.08397368,0.08640125,0.07508729,0.08661688,0.09204452,0.08833804,0.09765063,0.07992148,0.07596392,
CAL-21,0,sim_Raman785_demo,1,mixture,calibration,10.0,2.5,87.5,0.0934654,0.09480754,0.09492861,0.09274542,0.10762434,0.09061709,0.09715985,0.10317873,0.09262433,0.09170153,0.09496467,0.09875484,0.11402511,0.11555964,0.1033211,0.0916065,0.09249304,0.08639901,0.0941427,0.12139205,0.11691822,0.112183,0.2430035,0.51745514,0.66672724,0.51889445,0.25233883,0.13165507,0.10261826,0.11004833,0.31326567,0.50770494,0.77263731,0.77505136,0.50107212,0.22546669,0.13270368,0.09533578,0.10584137,0.09448731,0.09598632,0.12615791,0.21256941,0.36475787,0.4909503,0.49345956,0.36403147,0.22083126,0.13682683,0.10281668,0.09084718,0.09712309,0.08846873,0.09580495,0.1001032,0.09970569,0.09633222,0.09869585,0.08985382,0.09120218,0.12104537,0.12745958,0.09224998,0.08587926,0.09445355,0.10510696,0.10298593,0.09685873,0.09470105,0.09035484,0.10210951,
CAL-21,0,sim_Raman785_demo,2,mixture,calibration,10.0,2.5,87.5,0.12910605,0.11946939,0.11919402,0.1290987,0.12924883,0.12175705,0.12054287,0.11599717,0.11674629,0.12303928,0.12954414,0.13903954,0.15745071,0.15103592,0.11952998,0.11887825,0.12142412,0.12088128,0.13096718,0.16645213,0.1405923,0.15052699,0.273508,0.54980097,0.68917274,0.53497255,0.27992572,0.16041557,0.13338905,0.15354263,0.35265771,0.53640283,0.79613663,0.79863193,0.53427663,0.24959944,0.1510937,0.14471946,0.11751165,0.12125214,0.13574738,0.16729243,0.23608443,0.40463264,0.52268676,0.53623322,0.39455547,0.25295242,0.15888603,0.1243753,0.13216165,0.11924465,0.12276027,0.12749917,0.13498532,0.14032065,0.1287906,0.13898387,0.12250633,0.13431527,0.15985576,0.14750127,0.12636975,0.12681869,0.13049189,0.1257465,0.13413091,0.13690062,0.13333045,0.12438756,0.13295239,
CAL-22,0,sim_Raman785_demo,1,mixture,calibration,10.0,5.0,85.0,0.07962454,0.07251661,0.07318577,0.07713366,0.07536947,0.06979456,0.07384512,0.07723649,0.07502267,0.08137669,0.0661532,0.0941913,0.12176827,0.11840429,0.08823426,0.07436895,0.07252903,0.0803611,0.10317031,0.13815934,0.11313734,0.0935742,0.22600252,0.48020122,0.64014779,0.47983896,0.23017715,0.10375262,0.07528421,0.11030529,0.29691316,0.47972296,0.72891692,0.75794294,0.48883468,0.22836557,0.1162986,0.0914603,0.09840826,0.09109094,0.07899628,0.11480591,0.17761337,0.33469127,0.46921248,0.47098229,0.35195195,0.19929808,0.10886695,0.08923697,0.07981819,0.08389535,0.07677184,0.07795049,0.07700943,0.07286966,0.07294164,0.07567937,0.08625758,0.07310197,0.10555836,0.10012915,0.07600111,0.06427274,0.07776378,0.07605997,0.0781352,0.08557413,0.07465629,0.07934559,0.07990841,
CAL-22,0,sim_Raman785_demo,2,mixture,calibration,10.0,5.0,85.0,0.09482908,0.08559642,0.07718892,0.09373169,0.08107516,0.09193024,0.07495447,0.08224852,0.08646143,0.08770001,0.09729716,0.09876433,0.13000548,0.12861988,0.09429126,0.08488278,0.08474973,0.07714097,0.11007828,0.14561007,0.10533229,0.11363981,0.23545847,0.48970443,0.65446976,0.49013779,0.22875042,0.10471829,0.09137254,0.11272979,0.29778967,0.48582912,0.75069059,0.75425372,0.49747891,0.22503778,0.12238541,0.09140697,0.09026568,0.0872798,0.08663742,0.11599692,0.2006976,0.34303142,0.4823678,0.46215211,0.3538633,0.20559955,0.11932014,0.09477694,0.08478809,0.07630513,0.07793001,0.08448093,0.07362487,0.08685579,0.07846513,0.08221908,0.09515345,0.09749617,0.11323232,0.10869582,0.08010271,0.08446331,0.08004657,0.07815264,0.08492109,0.08482981,0.09168357,0.08085479,0.08945159,
CAL-23,0,sim_Raman785_demo,1,mixture,calibration,10.0,7.5,82.5,0.10846627,0.11607523,0.11635909,0.10636571,0.11808919,0.11381466,0.11219668,0.11331835,0.10895679,0.11631395,0.09827084,0.12567838,0.18606598,0.18514652,0.13265117,0.11678197,0.11814197,0.11564545,0.14327226,0.18590459,0.15346669,0.13912942,0.25701888,0.51073231,0.65598394,0.50834858,0.26195972,0.13652021,0.11016166,0.12998709,0.31881149,0.48823109,0.74760667,0.76863074,0.51092738,0.25202565,0.13924571,0.11887507,0.12931959,0.11347045,0.11552324,0.1450282,0.22129014,0.36225301,0.50271513,0.50883586,0.38832353,0.24563198,0.16985595,0.12890233,0.11610366,0.13580473,0.11323552,0.12043486,0.11128646,0.11643918,0.12004347,0.11179083,0.10177598,0.11585963,0.13065317,0.13037765,0.12033303,0.10745077,0.11077011,0.11290548,0.1221915,0.11377087,0.11389231,0.11458425,0.11076503,
CAL-23,0,sim_Raman785_demo,2,mixture,calibration,10.0,7.5,82.5,0.10509952,0.11918373,0.1084987,0.10597358,0.11161425,0.09599539,0.09800833,0.10861431,0.11676362,0.1036568,0.11178207,0.12614481,0.18032726,0.18316569,0.1325111,0.11383497,0.11058055,0.11592302,0.13903926,0.18155357,0.14711805,0.13351839,0.25879936,0.50292189,0.64432999,0.4987187,0.25464477,0.13235323,0.10765967,0.1324219,0.31815439,0.49755978,0.74619214,0.76102373,0.50316289,0.24672169,0.13715702,0.11290947,0.11284359,0.10411127,0.11671204,0.14502127,0.22446882,0.36993397,0.48091588,0.49678926,0.38202432,0.24889279,0.16066596,0.12912689,0.12352985,0.11495777,0.11845022,0.11502435,0.11432533,0.09734177,0.10940725,0.09787486,0.11397572,0.11440963,0.12922648,0.13279874,0.11581652,0.10344295,0.11329578,0.10651556,0.11177805,0.10015528,0.10445264,0.11726408,0.11850138,
CAL-24,0,sim_Raman785_demo,1,mixture,calibration,10.0,10.0,80.0,0.1021871,0.0968581,0.10590127,0.10135274,0.10589272,0.09676405,0.10801407,0.10689599,0.10085445,0.10150739,0.10212725,0.12920943,0.20665019,0.19598761,0.13036005,0.09896657,0.10065123,0.10479812,0.14023054,0.20412969,0.15390417,0.13752431,0.24692882,0.49347998,0.63295065,0.49352648,0.24182192,0.12242397,0.09490669,0.11491632,0.31381038,0.48065882,0.72148455,0.74228149,0.50155707,0.2509347,0.13359089,0.10150505,0.10913478,0.11684664,0.12250922,0.15031813,0.22865131,0.36337223,0.49154,0.48491373,0.35465761,0.22233712,0.13524723,0.11988373,0.10256803,0.09986883,0.09815098,0.10049812,0.10730249,0.0983906,0.10474722,0.10246042,0.09707075,0.10502288,0.13692715,0.10951552,0.10123832,0.11029861,0.11127281,0.09692232,0.09177044,0.09698121,0.0915548,0.10660684,0.09798967,
CAL-24,0,sim_Raman785_demo,2,mixture,calibration,10.0,10.0,80.0,0.09258226,0.10925133,0.09178908,0.10180854,0.10106781,0.09089041,0.09990908,0.09899273,0.10137499,0.1020691,0.09845692,0.13431214,0.19347167,0.18872201,0.12426316,0.09500004,0.10018914,0.11617461,0.13899249,0.1986411,0.1573141,0.1317453,0.2378219,0.47706826,0.61928212,0.48281617,0.22891877,0.11223647,0.10004898,0.11256861,0.30626827,0.48353775,0.72117556,0.74905753,0.49915922,0.23644451,0.12799667,0.10403109,0.10028567,0.12175372,0.11981828,0.14471184,0.22746146,0.36437319,0.47835577,0.49096991,0.35290782,0.22225934,0.12788681,0.10350923,0.091525,0.09735252,0.10104674,0.09633575,0.09882858,0.09345534,0.09716869,0.09440999,0.09208487,0.10443621,0.11986678,0.10853374,0.09354936,0.09586846,0.09372881,0.10408607,0.10176292,0.09846341,0.0959196,0.09159046,0.10194006,
BLIND-00,0,sim_Raman785_demo,1,mixture,blind_test,3.55,3.38,93.07,0.0875512,0.08824984,0.09652738,0.08599077,0.07662916,0.09049234,0.07490781,0.08667278,0.07807064,0.08171073,0.09721023,0.08807275,0.1210678,0.11211253,0.09240856,0.10237236,0.08744349,0.08675247,0.10097186,0.12092698,0.10491579,0.11646507,0.25395052,0.53160344,0.67717736,0.5223471,0.24268044,0.11591278,0.09160921,0.10410511,0.25478876,0.49945606,0.78734026,0.80679545,0.53188478,0.24564781,0.11736371,0.11372139,0.10805763,0.10115875,0.09829429,0.12790069,0.20099215,0.37766254,0.50805246,0.50953366,0.36361928,0.19698394,0.13175711,0.10064745,0.09655222,0.0849768,0.0813021,0.0806365,0.08206956,0.09804286,0.09886299,0.08028922,0.08190029,0.08552563,0.08307925,0.08759381,0.09324861,0.08943341,0.09218442,0.08280883,0.08341841,0.09321652,0.08188111,0.09221936,0.07637006,
BLIND-00,0,sim_Raman785_demo,2,mixture,blind_test,3.55,3.38,93.07,0.12444696,0.13495136,0.116586,0.12639758,0.12942859,0.13111153,0.12597409,0.1396102,0.12360926,0.12954441,0.12542995,0.13259448,0.15284749,0.16118887,0.14816504,0.12800524,0.12802038,0.13463337,0.14780927,0.15635097,0.15532443,0.1544006,0.29616672,0.56363875,0.73334804,0.57581579,0.28684454,0.16294189,0.13023013,0.15039678,0.29689432,0.54607628,0.83992889,0.82982782,0.56937945,0.29472621,0.16947293,0.15957461,0.1406168,0.14241441,0.14309924,0.16415099,0.24916775,0.40503335,0.55951165,0.54742215,0.40358415,0.25618651,0.17096767,0.13198699,0.13145937,0.11509098,0.12329601,0.12672966,0.1245623,0.12402934,0.11935066,0.13207634,0.13699857,0.12825731,0.1437087,0.14181971,0.13142812,0.12498874,0.11977606,0.13535098,0.12956111,0.11344637,0.13675046,0.13461125,0.11986172,
BLIND-01,0,sim_Raman785_demo,1,mixture,blind_test,4.84,1.34,93.82,0.07757467,0.08274089,0.06463628,0.08162874,0.09395153,0.07910868,0.08160815,0.0739028,0.08211048,0.07442674,0.07498621,0.08459176,0.09536759,0.08756656,0.08310828,0.07543119,0.0814238,0.07279841,0.0901912,0.09809749,0.09367852,0.10977268,0.23547603,0.52877354,0.68867324,0.5220489,0.24825747,0.10611288,0.08060039,0.10566484,0.25447904,0.50698399,0.79821443,0.79627054,0.52635587,0.22586313,0.11269198,0.08924798,0.08930314,0.077179,0.0817641,0.10562122,0.19116131,0.35956679,0.50157186,0.49941351,0.35653398,0.20817296,0.11854312,0.09458143,0.0872601,0.09068276,0.07711145,0.07672564,0.07986002,0.07294734,0.08279183,0.08555668,0.07254467,0.07838606,0.10780797,0.0954687,0.07969749,0.07644145,0.07815415,0.07805773,0.08867832,0.08333343,0.0850336,0.07842943,0.07028501,
BLIND-01,0,sim_Raman785_demo,2,mixture,blind_test,4.84,1.34,93.82,0.07236991,0.06575304,0.0574321,0.06577256,0.06725339,0.051961,0.06470462,0.07061159,0.06532521,0.06300864,0.06468048,0.07121356,0.08905557,0.07261736,0.06604968,0.07102803,0.06809457,0.05871102,0.06627901,0.0722249,0.07186355,0.09371245,0.23216174,0.50503589,0.67318817,0.51180367,0.22862926,0.09115653,0.06808498,0.09909179,0.24666895,0.48503774,0.77366147,0.78232421,0.48437044,0.22183987,0.08526621,0.06164117,0.05155653,0.07024394,0.06714057,0.10166431,0.17494108,0.34571695,0.48606153,0.50001941,0.34633615,0.18594204,0.09946051,0.07053358,0.06364003,0.06742415,0.06883545,0.06968713,0.07037677,0.06256876,0.06392269,0.06287645,0.07188786,0.06580878,0.07507933,0.06963554,0.06683528,0.06870772,0.04986832,0.06346594,0.05820312,0.06391521,0.06181824,0.07306316,0.06563018,
BLIND-02,0,sim_Raman785_demo,1,mixture,blind_test,6.71,5.23,88.06,0.10464085,0.09708475,0.09719046,0.10415439,0.09598125,0.10640565,0.10280594,0.10414141,0.10692827,0.09610796,0.10552333,0.10672159,0.14838327,0.15631463,0.11604408,0.1116245,0.09860244,0.10234431,0.12230619,0.15551089,0.13616973,0.14455442,0.2488585,0.52012264,0.67154331,0.52102215,0.25814141,0.13311341,0.10803167,0.12797805,0.30262858,0.50238372,0.77455739,0.78697298,0.51584168,0.24400702,0.14179733,0.11094297,0.10179695,0.10102052,0.10367822,0.11835035,0.18690856,0.34774923,0.48051059,0.4839134,0.36039518,0.20954375,0.13254405,0.10625693,0.10405691,0.09922901,0.10168565,0.10070582,0.09676768,0.10552863,0.11087126,0.11251017,0.09753026,0.10439083,0.11804885,0.11564202,0.10084758,0.10091639,0.09502452,0.09851379,0.099931,0.08812352,0.09679984,0.09342614,0.10222612,
BLIND-02,0,sim_Raman785_demo,2,mixture,blind_test,6.71,5.23,88.06,0.08549123,0.08648204,0.07149182,0.07410398,0.07542012,0.07691561,0.07915395,0.08127414,0.08273675,0.07006779,0.08340676,0.08977907,0.133157,0.12374191,0.09766937,0.07775396,0.07531368,0.08430636,0.09647295,0.13433335,0.10760472,0.11378267,0.23275494,0.50077375,0.64349041,0.50628361,0.23739058,0.10438562,0.06821704,0.09820058,0.26938314,0.48974149,0.75033659,0.7641875,0.48753749,0.22293293,0.1074371,0.08110811,0.07340273,0.07998665,0.07937353,0.08817777,0.18025319,0.32488624,0.45782934,0.45549674,0.32951027,0.17990657,0.11283157,0.07751199,0.08117803,0.07912725,0.08906757,0.06783295,0.08933221,0.09081242,0.07151102,0.0767243,0.08302952,0.06989876,0.11091935,0.10089083,0.08332036,0.0802198,0.07439222,0.08548937,0.08867239,0.08037219,0.07883274,0.08379996,0.09589231,
BLIND-03,0,sim_Raman785_demo,1,mixture,blind_test,6.22,5.77,88.01,0.06007656,0.06065465,0.05513216,0.06601511,0.07382292,0.06359243,0.05847869,0.05616357,0.05178407,0.05390969,0.05666483,0.07928624,0.12120513,0.11991776,0.07572658,0.06202663,0.06471861,0.05809129,0.08665536,0.12547959,0.10734587,0.09134668,0.21931249,0.49375477,0.63768424,0.487663,0.21497899,0.0887308,0.05803358,0.08840158,0.23382125,0.47120407,0.7227887,0.74052196,0.46594019,0.19532232,0.07399124,0.04898536,0.05139123,0.05220872,0.06136055,0.09188104,0.1775587,0.31402801,0.45642166,0.4569874,0.33095349,0.17917391,0.09262887,0.06401701,0.06054998,0.06739705,0.06773902,0.05893939,0.06756759,0.05665992,0.07038997,0.06258465,0.05999674,0.06219714,0.07881552,0.07145265,0.05959598,0.0653933,0.0602985,0.06481008,0.06011249,0.05790392,0.06077131,0.0703165,0.06147631,
BLIND-03,0,sim_Raman785_demo,2,mixture,blind_test,6.22,5.77,88.01,0.09717595,0.09884285,0.1029407,0.09511502,0.1029719,0.09556971,0.09523582,0.09581779,0.10053542,0.09890296,0.10607073,0.11543243,0.15450594,0.15262305,0.11738697,0.1047457,0.10434569,0.10173252,0.13066382,0.15328065,0.12863372,0.11900881,0.24992118,0.51897223,0.66967588,0.51799546,0.26240002,0.1246387,0.10556058,0.12462695,0.2804118,0.50092251,0.76151369,0.77164713,0.49814084,0.23790037,0.10756902,0.10066074,0.09264103,0.09446991,0.10461999,0.13360281,0.21050631,0.35917825,0.51332885,0.50856561,0.37719559,0.22443747,0.13709216,0.10756915,0.09871981,0.10790524,0.09668248,0.10472907,0.0946938,0.09904858,0.10026208,0.09649576,0.10437859,0.11060171,0.10512014,0.12086447,0.1006134,0.10141122,0.10596085,0.10308443,0.10205638,0.10791819,0.10430622,0.10360566,0.10208868,
BLIND-04,0,sim_Raman785_demo,1,mixture,blind_test,7.73,2.48,89.79,0.09639823,0.08077601,0.0887812,0.07175136,0.08855264,0.08418439,0.08315199,0.07922923,0.08670621,0.07835316,0.08348705,0.08922443,0.10659368,0.10316891,0.08481143,0.07682905,0.08159972,0.09034783,0.09852682,0.11920488,0.09792558,0.1054858,0.24784349,0.5195269,0.6659588,0.50845011,0.23763008,0.11790792,0.08947744,0.10422699,0.27372659,0.50259131,0.76384293,0.77852226,0.49401171,0.22985599,0.12165265,0.0929045,0.08043751,0.09352615,0.11011357,0.12490109,0.20209636,0.36250244,0.50579018,0.49273116,0.35988437,0.20302831,0.11316276,0.08010861,0.07584752,0.0949816,0.08824122,0.07838176,0.07994438,0.07992008,0.08579178,0.08177641,0.08332539,0.08603964,0.1031002,0.10730461,0.08047427,0.08257178,0.07131231,0.08389684,0.08175032,0.07469077,0.07568016,0.08780012,0.0802097,
BLIND-04,0,sim_Raman785_demo,2,mixture,blind_test,7.73,2.48,89.79,0.10561648,0.10223781,0.09171237,0.09381685,0.09627133,0.09433047,0.10136196,0.09303461,0.09987665,0.09419433,0.08895849,0.093838,0.12335047,0.12663247,0.10839855,0.10098362,0.09202258,0.08425758,0.11098816,0.1269209,0.11927445,0.11823414,0.25485168,0.52552243,0.67683266,0.51962385,0.24437079,0.12254667,0.0945115,0.12160827,0.29445432,0.52154371,0.78048375,0.78753597,0.50889285,0.22925359,0.13354916,0.10266252,0.09797529,0.10291437,0.12118926,0.13641485,0.20996408,0.37249521,0.5173768,0.50099321,0.36088261,0.22521135,0.12678374,0.09697922,0.09958791,0.09964639,0.08999923,0.08494358,0.09951785,0.08792059,0.10035815,0.10530252,0.08782882,0.10658382,0.112903,0.12058714,0.09767223,0.09772251,0.08679535,0.08593601,0.10255077,0.09312384,0.0940913,0.10033121,0.08612339,
BLIND-05,0,sim_Raman785_demo,1,mixture,blind_test,7.28,1.69,91.03,0.08956345,0.07857015,0.07667277,0.08408118,0.08192036,0.07894838,0.08515897,0.09592846,0.08924184,0.09226072,0.08252621,0.09465938,0.10696431,0.11252932,0.09973765,0.08645904,0.08786552,0.09758392,0.10454165,0.10384017,0.10847735,0.11765026,0.25354943,0.52044366,0.68697638,0.52185046,0.25517231,0.12232129,0.10391161,0.10784815,0.28795893,0.51132589,0.78898726,0.78536819,0.5031724,0.22133,0.10423024,0.09062783,0.0834931,0.08806592,0.09542429,0.11553175,0.20671925,0.3541855,0.49950873,0.5115194,0.37101408,0.21563709,0.12367046,0.09358593,0.08901466,0.08934979,0.08927863,0.08861712,0.08546867,0.0863932,0.07349825,0.08198327,0.08258604,0.08613288,0.109878,0.11070056,0.09754682,0.08640283,0.08422535,0.08767425,0.09056876,0.08204845,0.09237192,0.08635407,0.09320922,
BLIND-05,0,sim_Raman785_demo,2,mixture,blind_test,7.28,1.69,91.03,0.10211062,0.10524737,0.10351736,0.10594122,0.09869421,0.1065043,0.10552129,0.10351748,0.11400528,0.11880288,0.09880329,0.10469608,0.12481739,0.12475289,0.10324226,0.10242133,0.10846757,0.11054676,0.11978392,0.13654434,0.12263103,0.14649995,0.27717573,0.53839295,0.69748741,0.53548098,0.26817976,0.1407479,0.11071868,0.12176708,0.30235082,0.51642154,0.78931733,0.79479143,0.51260196,0.23813537,0.12739423,0.11464389,0.11058634,0.09922346,0.11138262,0.14370256,0.21113147,0.37915685,0.52072409,0.51913929,0.38301032,0.23842634,0.14769418,0.10010642,0.10646866,0.09536227,0.10570954,0.11370121,0.10381523,0.09895345,0.10590719,0.09785401,0.10379449,0.11685739,0.12252871,0.11956571,0.12734951,0.10280667,0.11258081,0.10046578,0.11975953,0.11161855,0.10624771,0.10163366,0.10542973,
BLIND-06,0,sim_Raman785_demo,1,mixture,blind_test,4.16,6.14,89.7,0.07789967,0.08629483,0.08849186,0.08756987,0.08669609,0.08713171,0.07882231,0.08955876,0.08656026,0.08253325,0.08515408,0.11277849,0.15265524,0.16078216,0.12280128,0.12125363,0.11583464,0.11223723,0.14740442,0.15733989,0.13849361,0.11467039,0.24132376,0.52153617,0.68513954,0.52189988,0.25754058,0.11915125,0.09109656,0.11865551,0.26463427,0.49330538,0.7851157,0.78550255,0.50983142,0.23988763,0.12305505,0.09721876,0.08949587,0.09251469,0.08697413,0.11458426,0.20630155,0.35407728,0.50404879,0.49802241,0.35599887,0.2023499,0.12207349,0.09252589,0.09166856,0.10004651,0.07991589,0.07778992,0.08760847,0.08923957,0.08770737,0.09088764,0.08350728,0.09586492,0.0895305,0.10038478,0.09173483,0.080599,0.08528218,0.09557994,0.08082992,0.08945797,0.08500376,0.09905022,0.08648572,
BLIND-06,0,sim_Raman785_demo,2,mixture,blind_test,4.16,6.14,89.7,0.09779884,0.09614292,0.1069286,0.08860109,0.09634435,0.10407011,0.09831521,0.0982736,0.09574047,0.09919145,0.10095335,0.13569989,0.1575139,0.16527252,0.12451135,0.1229553,0.11144899,0.12784209,0.13330307,0.16642696,0.13469771,0.1349049,0.25653605,0.5111342,0.68446426,0.52058492,0.25613264,0.1271606,0.10375727,0.12217677,0.27055997,0.50646291,0.78074368,0.79847473,0.51315935,0.24153003,0.12490837,0.09895935,0.11022602,0.09450093,0.10094135,0.1212081,0.2117654,0.36029292,0.51008833,0.50246796,0.36997427,0.22058638,0.12359041,0.10584212,0.09521033,0.10903747,0.09817569,0.09968492,0.09497228,0.10753121,0.09822071,0.09428936,0.09807474,0.10278291,0.10650752,0.11432957,0.09476339,0.09354129,0.10471969,0.0985084,0.09317418,0.09989517,0.09776926,0.10300809,0.10088493,
